Tiempo,VoltajeCH1,ResolucionVCH1
-2.6e-06,0.008,0.004
-2.5800000000000003e-06,0.0,0.004
-2.56e-06,0.008,0.004
-2.5400000000000002e-06,0.008,0.004
-2.52e-06,0.004,0.004
-2.5e-06,0.004,0.004
-2.48e-06,0.0,0.004
-2.46e-06,0.004,0.004
-2.44e-06,0.008,0.004
-2.42e-06,0.008,0.004
-2.4e-06,0.0,0.004
-2.38e-06,0.008,0.004
-2.3600000000000003e-06,0.008,0.004
-2.34e-06,0.004,0.004
-2.3200000000000002e-06,0.008,0.004
-2.3e-06,0.004,0.004
-2.28e-06,0.012,0.004
-2.26e-06,0.004,0.004
-2.24e-06,0.012,0.004
-2.22e-06,0.008,0.004
-2.2e-06,0.0,0.004
-2.1800000000000003e-06,0.008,0.004
-2.16e-06,0.004,0.004
-2.1400000000000003e-06,0.0,0.004
-2.12e-06,-0.004,0.004
-2.1000000000000002e-06,0.004,0.004
-2.08e-06,0.012,0.004
-2.06e-06,0.004,0.004
-2.04e-06,0.012,0.004
-2.02e-06,0.0,0.004
-2.0000000000000003e-06,0.004,0.004
-1.98e-06,0.008,0.004
-1.96e-06,0.004,0.004
-1.94e-06,0.004,0.004
-1.9200000000000003e-06,0.0,0.004
-1.9e-06,0.008,0.004
-1.8800000000000002e-06,0.012,0.004
-1.86e-06,0.008,0.004
-1.8400000000000002e-06,0.004,0.004
-1.82e-06,0.008,0.004
-1.8000000000000001e-06,0.004,0.004
-1.7800000000000001e-06,0.008,0.004
-1.76e-06,0.012,0.004
-1.74e-06,0.004,0.004
-1.72e-06,0.008,0.004
-1.7e-06,0.008,0.004
-1.68e-06,0.012,0.004
-1.6600000000000002e-06,0.012,0.004
-1.64e-06,0.012,0.004
-1.6200000000000002e-06,0.012,0.004
-1.6000000000000001e-06,0.008,0.004
-1.5800000000000001e-06,0.008,0.004
-1.56e-06,0.008,0.004
-1.54e-06,0.0,0.004
-1.52e-06,0.004,0.004
-1.5e-06,0.004,0.004
-1.48e-06,0.012,0.004
-1.46e-06,0.008,0.004
-1.44e-06,0.004,0.004
-1.4200000000000002e-06,0.008,0.004
-1.4000000000000001e-06,0.004,0.004
-1.3800000000000001e-06,0.008,0.004
-1.3600000000000001e-06,0.008,0.004
-1.34e-06,0.008,0.004
-1.32e-06,0.004,0.004
-1.3e-06,0.008,0.004
-1.28e-06,0.008,0.004
-1.26e-06,0.0,0.004
-1.24e-06,0.012,0.004
-1.22e-06,0.004,0.004
-1.2000000000000002e-06,0.008,0.004
-1.1800000000000001e-06,0.0,0.004
-1.1600000000000001e-06,0.004,0.004
-1.14e-06,0.004,0.004
-1.12e-06,0.008,0.004
-1.1e-06,0.008,0.004
-1.08e-06,0.004,0.004
-1.06e-06,0.008,0.004
-1.04e-06,0.008,0.004
-1.02e-06,0.008,0.004
-1.0000000000000002e-06,0.012,0.004
-9.800000000000001e-07,0.004,0.004
-9.600000000000001e-07,0.012,0.004
-9.400000000000001e-07,0.008,0.004
-9.200000000000001e-07,0.008,0.004
-9.000000000000001e-07,0.012,0.004
-8.8e-07,0.004,0.004
-8.6e-07,0.016,0.004
-8.4e-07,0.012,0.004
-8.2e-07,0.008,0.004
-8e-07,0.004,0.004
-7.800000000000002e-07,0.004,0.004
-7.600000000000001e-07,0.012,0.004
-7.400000000000001e-07,0.004,0.004
-7.200000000000001e-07,0.008,0.004
-7.000000000000001e-07,0.004,0.004
-6.799999999999998e-07,0.008,0.004
-6.6e-07,0.008,0.004
-6.400000000000002e-07,0.004,0.004
-6.2e-07,0.008,0.004
-6.000000000000002e-07,0.004,0.004
-5.8e-07,0.004,0.004
-5.600000000000001e-07,0.008,0.004
-5.399999999999999e-07,0.004,0.004
-5.200000000000001e-07,0.008,0.004
-4.999999999999999e-07,0.004,0.004
-4.800000000000001e-07,0.004,0.004
-4.6000000000000025e-07,0.008,0.004
-4.4e-07,0.012,0.004
-4.200000000000002e-07,0.0,0.004
-4e-07,0.008,0.004
-3.8000000000000017e-07,0.004,0.004
-3.5999999999999994e-07,0.008,0.004
-3.4000000000000013e-07,0.008,0.004
-3.199999999999999e-07,0.004,0.004
-3.000000000000001e-07,0.008,0.004
-2.7999999999999986e-07,0.008,0.004
-2.6000000000000005e-07,0.012,0.004
-2.4000000000000024e-07,0.004,0.004
-2.2e-07,0.004,0.004
-2.000000000000002e-07,0.008,0.004
-1.7999999999999997e-07,0.004,0.004
-1.6000000000000016e-07,0.012,0.004
-1.3999999999999993e-07,0.004,0.004
-1.2000000000000012e-07,0.012,0.004
-9.999999999999989e-08,0.02,0.004
-8.000000000000008e-08,0.02,0.004
-5.999999999999985e-08,0.024,0.004
-4.000000000000004e-08,0.032,0.004
-2.0000000000000232e-08,0.052000000000000005,0.004
0.0,0.07200000000000001,0.004
1.999999999999981e-08,0.10400000000000001,0.004
4.000000000000004e-08,0.152,0.004
5.999999999999985e-08,0.2,0.004
8.000000000000008e-08,0.272,0.004
9.999999999999989e-08,0.34800000000000003,0.004
1.2000000000000012e-07,0.424,0.004
1.3999999999999993e-07,0.488,0.004
1.6000000000000016e-07,0.528,0.004
1.7999999999999997e-07,0.54,0.004
1.9999999999999978e-07,0.548,0.004
2.2e-07,0.516,0.004
2.399999999999998e-07,0.488,0.004
2.6000000000000005e-07,0.448,0.004
2.7999999999999986e-07,0.404,0.004
3.000000000000001e-07,0.372,0.004
3.199999999999999e-07,0.336,0.004
3.4000000000000013e-07,0.308,0.004
3.5999999999999994e-07,0.276,0.004
3.8000000000000017e-07,0.26,0.004
4e-07,0.23600000000000002,0.004
4.199999999999998e-07,0.22,0.004
4.4e-07,0.20400000000000001,0.004
4.5999999999999983e-07,0.196,0.004
4.800000000000001e-07,0.184,0.004
4.999999999999999e-07,0.176,0.004
5.200000000000001e-07,0.17200000000000001,0.004
5.399999999999999e-07,0.164,0.004
5.600000000000001e-07,0.156,0.004
5.8e-07,0.148,0.004
5.999999999999998e-07,0.152,0.004
6.2e-07,0.14400000000000002,0.004
6.399999999999998e-07,0.14,0.004
6.6e-07,0.136,0.004
6.799999999999998e-07,0.136,0.004
7.000000000000001e-07,0.132,0.004
7.199999999999999e-07,0.128,0.004
7.400000000000001e-07,0.128,0.004
7.599999999999999e-07,0.12,0.004
7.800000000000002e-07,0.124,0.004
8e-07,0.116,0.004
8.199999999999998e-07,0.116,0.004
8.4e-07,0.116,0.004
8.599999999999998e-07,0.112,0.004
8.8e-07,0.112,0.004
8.999999999999999e-07,0.112,0.004
9.200000000000001e-07,0.108,0.004
9.399999999999999e-07,0.108,0.004
9.600000000000001e-07,0.10400000000000001,0.004
9.8e-07,0.108,0.004
1.0000000000000002e-06,0.10400000000000001,0.004
1.02e-06,0.10400000000000001,0.004
1.0399999999999998e-06,0.10400000000000001,0.004
1.06e-06,0.1,0.004
1.0799999999999998e-06,0.10400000000000001,0.004
1.1e-06,0.096,0.004
1.1199999999999999e-06,0.1,0.004
1.14e-06,0.1,0.004
1.16e-06,0.096,0.004
1.1800000000000001e-06,0.1,0.004
1.2e-06,0.096,0.004
1.2199999999999998e-06,0.096,0.004
1.2400000000000004e-06,0.096,0.004
1.2600000000000002e-06,0.088,0.004
1.28e-06,0.088,0.004
1.2999999999999998e-06,0.092,0.004
1.3199999999999996e-06,0.092,0.004
1.3400000000000003e-06,0.092,0.004
1.3600000000000001e-06,0.088,0.004
1.38e-06,0.084,0.004
1.3999999999999997e-06,0.088,0.004
1.4200000000000004e-06,0.088,0.004
1.4400000000000002e-06,0.088,0.004
1.46e-06,0.084,0.004
1.4799999999999998e-06,0.084,0.004
1.4999999999999996e-06,0.08,0.004
1.5200000000000003e-06,0.084,0.004
1.54e-06,0.084,0.004
1.5599999999999999e-06,0.08,0.004
1.5799999999999997e-06,0.084,0.004
1.6000000000000004e-06,0.084,0.004
1.6200000000000002e-06,0.084,0.004
1.64e-06,0.084,0.004
1.6599999999999998e-06,0.084,0.004
1.6799999999999996e-06,0.088,0.004
1.7000000000000002e-06,0.088,0.004
1.72e-06,0.084,0.004
1.7399999999999999e-06,0.084,0.004
1.7599999999999997e-06,0.08,0.004
1.7800000000000003e-06,0.088,0.004
1.8000000000000001e-06,0.088,0.004
1.82e-06,0.088,0.004
1.8399999999999997e-06,0.084,0.004
1.8600000000000004e-06,0.088,0.004
1.8800000000000002e-06,0.088,0.004
1.9e-06,0.096,0.004
1.92e-06,0.096,0.004
1.9399999999999996e-06,0.1,0.004
1.9600000000000003e-06,0.108,0.004
1.98e-06,0.108,0.004
2e-06,0.112,0.004
2.0199999999999997e-06,0.116,0.004
2.0400000000000004e-06,0.12,0.004
2.06e-06,0.136,0.004
2.08e-06,0.14,0.004
2.1e-06,0.152,0.004
2.1199999999999996e-06,0.156,0.004
2.1400000000000003e-06,0.164,0.004
2.16e-06,0.184,0.004
2.18e-06,0.192,0.004
2.1999999999999997e-06,0.216,0.004
2.2200000000000003e-06,0.22,0.004
2.24e-06,0.244,0.004
2.26e-06,0.252,0.004
2.2799999999999998e-06,0.264,0.004
2.3000000000000004e-06,0.28800000000000003,0.004
2.3200000000000002e-06,0.28800000000000003,0.004
2.34e-06,0.304,0.004
2.36e-06,0.308,0.004
2.3799999999999997e-06,0.312,0.004
2.4000000000000003e-06,0.316,0.004
2.42e-06,0.32,0.004
2.44e-06,0.324,0.004
2.4599999999999997e-06,0.316,0.004
2.4800000000000004e-06,0.312,0.004
2.5e-06,0.308,0.004
2.52e-06,0.304,0.004
2.54e-06,0.296,0.004
2.5599999999999996e-06,0.28400000000000003,0.004
2.5800000000000003e-06,0.28400000000000003,0.004
2.6e-06,0.272,0.004
2.62e-06,0.272,0.004
2.6399999999999997e-06,0.26,0.004
2.6600000000000004e-06,0.252,0.004
2.68e-06,0.252,0.004
2.7e-06,0.23600000000000002,0.004
2.72e-06,0.24,0.004
2.7399999999999996e-06,0.228,0.004
2.7600000000000003e-06,0.224,0.004
2.78e-06,0.212,0.004
2.8e-06,0.20800000000000002,0.004
2.8199999999999997e-06,0.20400000000000001,0.004
2.8400000000000003e-06,0.20800000000000002,0.004
2.86e-06,0.2,0.004
2.88e-06,0.192,0.004
2.8999999999999998e-06,0.192,0.004
2.9200000000000004e-06,0.188,0.004
2.9400000000000002e-06,0.184,0.004
2.96e-06,0.184,0.004
2.98e-06,0.18,0.004
2.9999999999999997e-06,0.18,0.004
3.0200000000000003e-06,0.18,0.004
3.04e-06,0.176,0.004
3.06e-06,0.17200000000000001,0.004
3.0799999999999997e-06,0.168,0.004
3.1000000000000004e-06,0.17200000000000001,0.004
3.12e-06,0.168,0.004
3.14e-06,0.16,0.004
3.16e-06,0.164,0.004
3.1799999999999996e-06,0.156,0.004
3.2000000000000003e-06,0.156,0.004
3.22e-06,0.156,0.004
3.24e-06,0.156,0.004
3.2599999999999997e-06,0.152,0.004
3.2800000000000004e-06,0.16,0.004
3.3e-06,0.156,0.004
3.32e-06,0.152,0.004
3.3399999999999998e-06,0.148,0.004
3.3600000000000004e-06,0.14400000000000002,0.004
3.3800000000000002e-06,0.148,0.004
3.4e-06,0.148,0.004
3.42e-06,0.14400000000000002,0.004
3.4399999999999997e-06,0.14,0.004
3.4600000000000003e-06,0.14400000000000002,0.004
3.48e-06,0.14400000000000002,0.004
3.5e-06,0.14,0.004
3.5199999999999998e-06,0.14400000000000002,0.004
3.5400000000000004e-06,0.132,0.004
3.5600000000000002e-06,0.14,0.004
3.58e-06,0.14,0.004
3.6e-06,0.136,0.004
3.6199999999999996e-06,0.132,0.004
3.6400000000000003e-06,0.132,0.004
3.66e-06,0.14400000000000002,0.004
3.68e-06,0.136,0.004
3.6999999999999997e-06,0.136,0.004
3.7200000000000004e-06,0.136,0.004
3.74e-06,0.132,0.004
3.76e-06,0.136,0.004
3.78e-06,0.132,0.004
3.7999999999999996e-06,0.132,0.004
3.820000000000001e-06,0.132,0.004
3.8400000000000005e-06,0.128,0.004
3.86e-06,0.128,0.004
3.88e-06,0.132,0.004
3.9e-06,0.132,0.004
3.92e-06,0.132,0.004
3.9399999999999995e-06,0.132,0.004
3.959999999999999e-06,0.132,0.004
3.980000000000001e-06,0.128,0.004
4.000000000000001e-06,0.136,0.004
4.0200000000000005e-06,0.128,0.004
4.04e-06,0.14,0.004
4.06e-06,0.136,0.004
4.08e-06,0.132,0.004
4.1e-06,0.132,0.004
4.1199999999999995e-06,0.132,0.004
4.139999999999999e-06,0.128,0.004
4.160000000000001e-06,0.128,0.004
4.180000000000001e-06,0.136,0.004
4.2000000000000004e-06,0.136,0.004
4.22e-06,0.14,0.004
4.24e-06,0.14,0.004
4.26e-06,0.14,0.004
4.28e-06,0.136,0.004
4.2999999999999995e-06,0.14400000000000002,0.004
4.319999999999999e-06,0.14400000000000002,0.004
4.340000000000001e-06,0.148,0.004
4.360000000000001e-06,0.152,0.004
4.38e-06,0.148,0.004
4.4e-06,0.14400000000000002,0.004
4.42e-06,0.148,0.004
4.44e-06,0.156,0.004
4.46e-06,0.156,0.004
4.4799999999999995e-06,0.16,0.004
4.499999999999999e-06,0.16,0.004
4.520000000000001e-06,0.164,0.004
4.540000000000001e-06,0.164,0.004
4.56e-06,0.17200000000000001,0.004
4.58e-06,0.176,0.004
4.6e-06,0.18,0.004
4.62e-06,0.18,0.004
4.64e-06,0.18,0.004
4.6599999999999994e-06,0.188,0.004
4.679999999999999e-06,0.192,0.004
4.700000000000001e-06,0.2,0.004
4.7200000000000005e-06,0.2,0.004
4.74e-06,0.20800000000000002,0.004
4.76e-06,0.20800000000000002,0.004
4.78e-06,0.20800000000000002,0.004
4.8e-06,0.212,0.004
4.82e-06,0.224,0.004
4.839999999999999e-06,0.228,0.004
4.860000000000001e-06,0.228,0.004
4.880000000000001e-06,0.224,0.004
4.9000000000000005e-06,0.23600000000000002,0.004
4.92e-06,0.23600000000000002,0.004
4.94e-06,0.244,0.004
4.96e-06,0.244,0.004
4.98e-06,0.248,0.004
4.9999999999999996e-06,0.248,0.004
5.019999999999999e-06,0.256,0.004
5.039999999999999e-06,0.248,0.004
5.059999999999999e-06,0.256,0.004
5.0800000000000005e-06,0.256,0.004
5.1e-06,0.256,0.004
5.12e-06,0.248,0.004
5.14e-06,0.256,0.004
5.16e-06,0.256,0.004
5.1799999999999995e-06,0.256,0.004
5.199999999999999e-06,0.256,0.004
5.219999999999999e-06,0.248,0.004
5.239999999999999e-06,0.256,0.004
5.2600000000000005e-06,0.252,0.004
5.28e-06,0.248,0.004
5.3e-06,0.244,0.004
5.32e-06,0.248,0.004
5.34e-06,0.244,0.004
5.3599999999999995e-06,0.23600000000000002,0.004
5.379999999999999e-06,0.24,0.004
5.399999999999999e-06,0.23600000000000002,0.004
5.419999999999999e-06,0.228,0.004
5.4400000000000004e-06,0.23600000000000002,0.004
5.46e-06,0.232,0.004
5.48e-06,0.232,0.004
5.5e-06,0.224,0.004
5.52e-06,0.216,0.004
5.5399999999999995e-06,0.224,0.004
5.559999999999999e-06,0.22,0.004
5.579999999999999e-06,0.216,0.004
5.599999999999999e-06,0.22,0.004
5.62e-06,0.212,0.004
5.64e-06,0.212,0.004
5.66e-06,0.20800000000000002,0.004
5.68e-06,0.20400000000000001,0.004
5.7e-06,0.20400000000000001,0.004
5.7199999999999994e-06,0.2,0.004
5.739999999999999e-06,0.2,0.004
5.759999999999999e-06,0.2,0.004
5.779999999999999e-06,0.2,0.004
5.8e-06,0.2,0.004
5.82e-06,0.192,0.004
5.84e-06,0.196,0.004
5.86e-06,0.192,0.004
5.88e-06,0.188,0.004
5.899999999999999e-06,0.192,0.004
5.919999999999999e-06,0.188,0.004
5.939999999999999e-06,0.188,0.004
5.959999999999999e-06,0.188,0.004
5.98e-06,0.184,0.004
6e-06,0.184,0.004
6.02e-06,0.18,0.004
6.04e-06,0.184,0.004
6.06e-06,0.176,0.004
6.079999999999999e-06,0.176,0.004
6.099999999999999e-06,0.176,0.004
6.119999999999999e-06,0.176,0.004
6.1400000000000005e-06,0.176,0.004
6.16e-06,0.176,0.004
6.18e-06,0.17200000000000001,0.004
6.2e-06,0.17200000000000001,0.004
6.22e-06,0.168,0.004
6.2399999999999995e-06,0.168,0.004
6.259999999999999e-06,0.168,0.004
6.279999999999999e-06,0.17200000000000001,0.004
6.299999999999999e-06,0.168,0.004
6.3200000000000005e-06,0.168,0.004
6.34e-06,0.168,0.004
6.36e-06,0.164,0.004
6.38e-06,0.164,0.004
6.4e-06,0.16,0.004
6.4199999999999995e-06,0.168,0.004
6.439999999999999e-06,0.164,0.004
6.459999999999999e-06,0.164,0.004
6.479999999999999e-06,0.164,0.004
6.5000000000000004e-06,0.164,0.004
6.52e-06,0.16,0.004
6.54e-06,0.16,0.004
6.56e-06,0.16,0.004
6.58e-06,0.16,0.004
6.5999999999999995e-06,0.156,0.004
6.619999999999999e-06,0.156,0.004
6.639999999999999e-06,0.156,0.004
6.659999999999999e-06,0.152,0.004
6.68e-06,0.164,0.004
6.7e-06,0.152,0.004
6.72e-06,0.156,0.004
6.74e-06,0.148,0.004
6.76e-06,0.152,0.004
6.7799999999999995e-06,0.148,0.004
6.799999999999999e-06,0.156,0.004
6.819999999999999e-06,0.156,0.004
6.839999999999999e-06,0.148,0.004
6.86e-06,0.148,0.004
6.88e-06,0.152,0.004
6.9e-06,0.148,0.004
6.92e-06,0.152,0.004
6.94e-06,0.152,0.004
6.9599999999999994e-06,0.152,0.004
6.979999999999999e-06,0.152,0.004
6.999999999999999e-06,0.152,0.004
7.019999999999999e-06,0.148,0.004
7.04e-06,0.152,0.004
7.06e-06,0.152,0.004
7.08e-06,0.152,0.004
7.1e-06,0.148,0.004
7.12e-06,0.14400000000000002,0.004
7.139999999999999e-06,0.152,0.004
7.159999999999999e-06,0.148,0.004
7.179999999999999e-06,0.152,0.004
7.2000000000000005e-06,0.148,0.004
7.22e-06,0.148,0.004
7.24e-06,0.152,0.004
7.26e-06,0.152,0.004
7.28e-06,0.152,0.004
7.2999999999999996e-06,0.152,0.004
7.319999999999999e-06,0.148,0.004
7.339999999999999e-06,0.148,0.004
7.359999999999999e-06,0.152,0.004
7.3800000000000005e-06,0.152,0.004
7.4e-06,0.152,0.004
7.42e-06,0.152,0.004
7.44e-06,0.148,0.004
7.46e-06,0.156,0.004
7.4799999999999995e-06,0.156,0.004
7.499999999999999e-06,0.152,0.004
7.519999999999999e-06,0.156,0.004
7.539999999999999e-06,0.16,0.004
7.5600000000000005e-06,0.152,0.004
7.58e-06,0.16,0.004
7.6e-06,0.16,0.004
7.62e-06,0.16,0.004
7.64e-06,0.16,0.004
7.66e-06,0.164,0.004
7.68e-06,0.168,0.004
7.699999999999999e-06,0.16,0.004
7.719999999999999e-06,0.168,0.004
7.74e-06,0.168,0.004
7.76e-06,0.168,0.004
7.78e-06,0.168,0.004
7.8e-06,0.176,0.004
7.82e-06,0.176,0.004
7.84e-06,0.184,0.004
7.86e-06,0.188,0.004
7.879999999999999e-06,0.184,0.004
7.899999999999999e-06,0.188,0.004
7.92e-06,0.188,0.004
7.94e-06,0.192,0.004
7.96e-06,0.192,0.004
7.98e-06,0.192,0.004
8e-06,0.20400000000000001,0.004
8.02e-06,0.20400000000000001,0.004
8.04e-06,0.20800000000000002,0.004
8.059999999999999e-06,0.20800000000000002,0.004
8.079999999999999e-06,0.20400000000000001,0.004
8.1e-06,0.216,0.004
8.12e-06,0.216,0.004
8.14e-06,0.224,0.004
8.16e-06,0.224,0.004
8.18e-06,0.23600000000000002,0.004
8.2e-06,0.232,0.004
8.22e-06,0.23600000000000002,0.004
8.239999999999999e-06,0.248,0.004
8.26e-06,0.248,0.004
8.28e-06,0.256,0.004
8.3e-06,0.256,0.004
8.32e-06,0.26,0.004
8.34e-06,0.26,0.004
8.36e-06,0.26,0.004
8.38e-06,0.268,0.004
8.4e-06,0.272,0.004
8.419999999999999e-06,0.276,0.004
8.44e-06,0.276,0.004
8.46e-06,0.28,0.004
8.48e-06,0.276,0.004
8.5e-06,0.276,0.004
8.52e-06,0.28400000000000003,0.004
8.54e-06,0.28800000000000003,0.004
8.56e-06,0.292,0.004
8.58e-06,0.28400000000000003,0.004
8.599999999999999e-06,0.28800000000000003,0.004
8.62e-06,0.28400000000000003,0.004
8.64e-06,0.28400000000000003,0.004
8.66e-06,0.292,0.004
8.68e-06,0.28400000000000003,0.004
8.7e-06,0.292,0.004
8.72e-06,0.28400000000000003,0.004
8.74e-06,0.28,0.004
8.759999999999999e-06,0.28400000000000003,0.004
8.779999999999999e-06,0.28,0.004
8.8e-06,0.28800000000000003,0.004
8.82e-06,0.276,0.004
8.84e-06,0.272,0.004
8.86e-06,0.276,0.004
8.88e-06,0.28,0.004
8.9e-06,0.276,0.004
8.92e-06,0.268,0.004
8.939999999999999e-06,0.268,0.004
8.959999999999999e-06,0.264,0.004
8.98e-06,0.264,0.004
9e-06,0.264,0.004
9.02e-06,0.26,0.004
9.04e-06,0.268,0.004
9.06e-06,0.26,0.004
9.08e-06,0.256,0.004
9.1e-06,0.252,0.004
9.119999999999999e-06,0.256,0.004
9.139999999999999e-06,0.252,0.004
9.16e-06,0.252,0.004
9.18e-06,0.248,0.004
9.2e-06,0.248,0.004
9.22e-06,0.248,0.004
9.24e-06,0.244,0.004
9.26e-06,0.24,0.004
9.28e-06,0.244,0.004
9.299999999999999e-06,0.24,0.004
9.32e-06,0.24,0.004
9.34e-06,0.23600000000000002,0.004
9.36e-06,0.24,0.004
9.38e-06,0.232,0.004
9.4e-06,0.23600000000000002,0.004
9.42e-06,0.232,0.004
9.44e-06,0.232,0.004
9.46e-06,0.23600000000000002,0.004
9.479999999999999e-06,0.224,0.004
9.5e-06,0.228,0.004
9.52e-06,0.232,0.004
9.54e-06,0.224,0.004
9.56e-06,0.228,0.004
9.58e-06,0.22,0.004
9.6e-06,0.23600000000000002,0.004
9.62e-06,0.228,0.004
9.64e-06,0.228,0.004
9.659999999999999e-06,0.224,0.004
9.68e-06,0.224,0.004
9.7e-06,0.224,0.004
9.72e-06,0.22,0.004
9.74e-06,0.228,0.004
9.76e-06,0.22,0.004
9.78e-06,0.22,0.004
9.8e-06,0.22,0.004
9.82e-06,0.224,0.004
9.839999999999999e-06,0.228,0.004
9.86e-06,0.22,0.004
9.88e-06,0.224,0.004
9.9e-06,0.224,0.004
9.92e-06,0.224,0.004
9.94e-06,0.22,0.004
9.96e-06,0.22,0.004
9.98e-06,0.22,0.004
9.999999999999999e-06,0.224,0.004
1.0019999999999999e-05,0.224,0.004
1.004e-05,0.224,0.004
1.006e-05,0.22,0.004
1.008e-05,0.224,0.004
1.01e-05,0.22,0.004
1.012e-05,0.228,0.004
1.014e-05,0.22,0.004
1.016e-05,0.224,0.004
1.0179999999999999e-05,0.224,0.004
1.0199999999999999e-05,0.22,0.004
1.022e-05,0.224,0.004
1.024e-05,0.224,0.004
1.026e-05,0.224,0.004
1.028e-05,0.224,0.004
1.03e-05,0.224,0.004
1.032e-05,0.224,0.004
1.034e-05,0.224,0.004
1.0359999999999999e-05,0.224,0.004
1.038e-05,0.224,0.004
1.04e-05,0.232,0.004
1.042e-05,0.224,0.004
1.044e-05,0.228,0.004
1.046e-05,0.224,0.004
1.048e-05,0.224,0.004
1.05e-05,0.228,0.004
1.052e-05,0.224,0.004
1.0539999999999999e-05,0.228,0.004
1.056e-05,0.228,0.004
1.058e-05,0.228,0.004
1.06e-05,0.224,0.004
1.062e-05,0.224,0.004
1.064e-05,0.232,0.004
1.066e-05,0.228,0.004
1.068e-05,0.232,0.004
1.07e-05,0.224,0.004
1.0719999999999999e-05,0.224,0.004
1.074e-05,0.228,0.004
1.076e-05,0.228,0.004
1.078e-05,0.232,0.004
1.08e-05,0.224,0.004
1.082e-05,0.228,0.004
1.084e-05,0.228,0.004
1.086e-05,0.228,0.004
1.088e-05,0.228,0.004
1.0899999999999999e-05,0.228,0.004
1.092e-05,0.232,0.004
1.094e-05,0.228,0.004
1.096e-05,0.228,0.004
1.098e-05,0.228,0.004
1.1e-05,0.228,0.004
1.102e-05,0.232,0.004
1.104e-05,0.228,0.004
1.1059999999999999e-05,0.232,0.004
1.1079999999999999e-05,0.228,0.004
1.11e-05,0.224,0.004
1.112e-05,0.224,0.004
1.114e-05,0.228,0.004
1.116e-05,0.228,0.004
1.118e-05,0.224,0.004
1.12e-05,0.232,0.004
1.122e-05,0.228,0.004
1.1239999999999999e-05,0.224,0.004
1.126e-05,0.228,0.004
1.128e-05,0.224,0.004
1.13e-05,0.228,0.004
1.132e-05,0.228,0.004
1.134e-05,0.232,0.004
1.136e-05,0.228,0.004
1.138e-05,0.224,0.004
1.14e-05,0.224,0.004
1.1419999999999999e-05,0.228,0.004
1.144e-05,0.228,0.004
1.146e-05,0.224,0.004
1.148e-05,0.228,0.004
1.15e-05,0.228,0.004
1.152e-05,0.22,0.004
1.154e-05,0.228,0.004
1.156e-05,0.228,0.004
1.158e-05,0.232,0.004
1.1599999999999999e-05,0.228,0.004
1.162e-05,0.228,0.004
1.164e-05,0.224,0.004
1.166e-05,0.22,0.004
1.168e-05,0.228,0.004
1.17e-05,0.228,0.004
1.172e-05,0.224,0.004
1.174e-05,0.22,0.004
1.176e-05,0.224,0.004
1.1779999999999999e-05,0.224,0.004
1.18e-05,0.224,0.004
1.182e-05,0.224,0.004
1.184e-05,0.22,0.004
1.186e-05,0.228,0.004
1.188e-05,0.224,0.004
1.19e-05,0.224,0.004
1.192e-05,0.224,0.004
1.194e-05,0.22,0.004
1.1959999999999999e-05,0.22,0.004
1.198e-05,0.22,0.004
1.2e-05,0.22,0.004
1.202e-05,0.216,0.004
1.204e-05,0.216,0.004
1.206e-05,0.224,0.004
1.208e-05,0.22,0.004
1.21e-05,0.22,0.004
1.212e-05,0.224,0.004
1.2139999999999999e-05,0.22,0.004
1.216e-05,0.22,0.004
1.218e-05,0.224,0.004
1.22e-05,0.22,0.004
1.222e-05,0.22,0.004
1.224e-05,0.216,0.004
1.226e-05,0.224,0.004
1.228e-05,0.216,0.004
1.2299999999999999e-05,0.22,0.004
1.232e-05,0.20800000000000002,0.004
1.234e-05,0.216,0.004
1.236e-05,0.216,0.004
1.238e-05,0.22,0.004
1.24e-05,0.22,0.004
1.242e-05,0.216,0.004
1.244e-05,0.22,0.004
1.246e-05,0.22,0.004
1.2479999999999999e-05,0.224,0.004
1.25e-05,0.22,0.004
1.252e-05,0.212,0.004
1.254e-05,0.216,0.004
1.256e-05,0.216,0.004
1.258e-05,0.216,0.004
1.26e-05,0.212,0.004
1.262e-05,0.216,0.004
1.264e-05,0.216,0.004
1.2659999999999999e-05,0.216,0.004
1.2679999999999999e-05,0.212,0.004
1.2699999999999999e-05,0.20800000000000002,0.004
1.2719999999999998e-05,0.216,0.004
1.2739999999999998e-05,0.212,0.004
1.2760000000000001e-05,0.216,0.004
1.2780000000000001e-05,0.212,0.004
1.2800000000000001e-05,0.20800000000000002,0.004
1.2820000000000001e-05,0.20800000000000002,0.004
1.284e-05,0.212,0.004
1.286e-05,0.212,0.004
1.288e-05,0.20800000000000002,0.004
1.29e-05,0.216,0.004
1.292e-05,0.20800000000000002,0.004
1.294e-05,0.212,0.004
1.296e-05,0.20800000000000002,0.004
1.298e-05,0.212,0.004
1.3e-05,0.216,0.004
1.3019999999999999e-05,0.20800000000000002,0.004
1.3039999999999999e-05,0.20400000000000001,0.004
1.3059999999999999e-05,0.20800000000000002,0.004
1.3079999999999998e-05,0.20800000000000002,0.004
1.3099999999999998e-05,0.20800000000000002,0.004
1.3120000000000001e-05,0.212,0.004
1.3140000000000001e-05,0.212,0.004
1.3160000000000001e-05,0.20800000000000002,0.004
1.3180000000000001e-05,0.212,0.004
1.32e-05,0.212,0.004
1.322e-05,0.20400000000000001,0.004
1.324e-05,0.20800000000000002,0.004
1.326e-05,0.20400000000000001,0.004
1.328e-05,0.20400000000000001,0.004
1.33e-05,0.20800000000000002,0.004
1.332e-05,0.20400000000000001,0.004
1.334e-05,0.20400000000000001,0.004
1.3359999999999999e-05,0.20800000000000002,0.004
1.3379999999999999e-05,0.20400000000000001,0.004
1.3399999999999999e-05,0.212,0.004
1.3419999999999999e-05,0.212,0.004
1.3439999999999998e-05,0.20400000000000001,0.004
1.3459999999999998e-05,0.20800000000000002,0.004
1.3480000000000001e-05,0.212,0.004
1.3500000000000001e-05,0.2,0.004
1.3520000000000001e-05,0.20400000000000001,0.004
1.354e-05,0.2,0.004
1.356e-05,0.20800000000000002,0.004
1.358e-05,0.20400000000000001,0.004
1.36e-05,0.20800000000000002,0.004
1.362e-05,0.20400000000000001,0.004
1.364e-05,0.2,0.004
1.366e-05,0.20400000000000001,0.004
1.368e-05,0.20400000000000001,0.004
1.37e-05,0.20400000000000001,0.004
1.3719999999999999e-05,0.2,0.004
1.3739999999999999e-05,0.2,0.004
1.3759999999999999e-05,0.20400000000000001,0.004
1.3779999999999999e-05,0.20400000000000001,0.004
1.3799999999999998e-05,0.20400000000000001,0.004
1.3820000000000002e-05,0.20400000000000001,0.004
1.3840000000000001e-05,0.20800000000000002,0.004
1.3860000000000001e-05,0.2,0.004
1.3880000000000001e-05,0.20400000000000001,0.004
1.39e-05,0.2,0.004
1.392e-05,0.2,0.004
1.394e-05,0.2,0.004
1.396e-05,0.2,0.004
1.398e-05,0.2,0.004
1.4e-05,0.196,0.004
1.402e-05,0.196,0.004
1.404e-05,0.2,0.004
1.406e-05,0.2,0.004
1.4079999999999999e-05,0.2,0.004
1.4099999999999999e-05,0.196,0.004
1.4119999999999999e-05,0.2,0.004
1.4139999999999998e-05,0.2,0.004
1.4159999999999998e-05,0.2,0.004
1.4180000000000001e-05,0.196,0.004
1.4200000000000001e-05,0.2,0.004
1.4220000000000001e-05,0.20400000000000001,0.004
1.4240000000000001e-05,0.196,0.004
1.426e-05,0.196,0.004
1.428e-05,0.2,0.004
1.43e-05,0.196,0.004
1.432e-05,0.196,0.004
1.434e-05,0.2,0.004
1.436e-05,0.196,0.004
1.438e-05,0.2,0.004
1.44e-05,0.2,0.004
1.442e-05,0.196,0.004
1.4439999999999999e-05,0.2,0.004
1.4459999999999999e-05,0.192,0.004
1.4479999999999999e-05,0.196,0.004
1.4499999999999998e-05,0.196,0.004
1.4519999999999998e-05,0.196,0.004
1.4540000000000001e-05,0.196,0.004
1.4560000000000001e-05,0.196,0.004
1.4580000000000001e-05,0.192,0.004
1.46e-05,0.2,0.004
1.462e-05,0.196,0.004
1.464e-05,0.196,0.004
1.466e-05,0.192,0.004
1.468e-05,0.192,0.004
1.47e-05,0.196,0.004
1.472e-05,0.196,0.004
1.474e-05,0.192,0.004
1.476e-05,0.192,0.004
1.4779999999999999e-05,0.192,0.004
1.4799999999999999e-05,0.192,0.004
1.4819999999999999e-05,0.196,0.004
1.4839999999999999e-05,0.196,0.004
1.4859999999999998e-05,0.192,0.004
1.4880000000000002e-05,0.196,0.004
1.4900000000000001e-05,0.192,0.004
1.4920000000000001e-05,0.192,0.004
1.4940000000000001e-05,0.196,0.004
1.496e-05,0.192,0.004
1.498e-05,0.2,0.004
1.5e-05,0.192,0.004
1.502e-05,0.192,0.004
1.504e-05,0.192,0.004
1.506e-05,0.188,0.004
1.508e-05,0.192,0.004
1.51e-05,0.192,0.004
1.512e-05,0.188,0.004
1.5139999999999999e-05,0.192,0.004
1.5159999999999999e-05,0.188,0.004
1.5179999999999999e-05,0.192,0.004
1.5199999999999998e-05,0.192,0.004
1.5219999999999998e-05,0.192,0.004
1.5240000000000001e-05,0.192,0.004
1.5260000000000003e-05,0.188,0.004
1.5280000000000003e-05,0.188,0.004
1.5300000000000003e-05,0.192,0.004
1.5320000000000002e-05,0.188,0.004
1.5340000000000002e-05,0.192,0.004
1.5360000000000002e-05,0.188,0.004
1.5380000000000002e-05,0.196,0.004
1.54e-05,0.192,0.004
1.542e-05,0.184,0.004
1.544e-05,0.192,0.004
1.546e-05,0.196,0.004
1.548e-05,0.192,0.004
1.55e-05,0.192,0.004
1.552e-05,0.192,0.004
1.554e-05,0.192,0.004
1.556e-05,0.184,0.004
1.558e-05,0.192,0.004
1.5600000000000003e-05,0.188,0.004
1.5620000000000003e-05,0.188,0.004
1.5640000000000003e-05,0.192,0.004
1.5660000000000003e-05,0.188,0.004
1.5680000000000002e-05,0.188,0.004
1.5700000000000002e-05,0.188,0.004
1.5720000000000002e-05,0.188,0.004
1.5740000000000002e-05,0.184,0.004
1.576e-05,0.192,0.004
1.578e-05,0.192,0.004
1.58e-05,0.188,0.004
1.582e-05,0.192,0.004
1.584e-05,0.192,0.004
1.586e-05,0.192,0.004
1.588e-05,0.192,0.004
1.59e-05,0.188,0.004
1.592e-05,0.192,0.004
1.5940000000000003e-05,0.188,0.004
1.5960000000000003e-05,0.192,0.004
1.5980000000000003e-05,0.192,0.004
1.6000000000000003e-05,0.188,0.004
1.6020000000000002e-05,0.184,0.004
1.6040000000000002e-05,0.188,0.004
1.6060000000000002e-05,0.188,0.004
1.6080000000000002e-05,0.188,0.004
1.6100000000000002e-05,0.188,0.004
1.612e-05,0.188,0.004
1.614e-05,0.188,0.004
1.616e-05,0.188,0.004
1.618e-05,0.188,0.004
1.62e-05,0.188,0.004
1.622e-05,0.192,0.004
1.624e-05,0.188,0.004
1.626e-05,0.188,0.004
1.628e-05,0.184,0.004
1.6300000000000003e-05,0.192,0.004
1.6320000000000003e-05,0.188,0.004
1.6340000000000003e-05,0.188,0.004
1.6360000000000003e-05,0.192,0.004
1.6380000000000002e-05,0.188,0.004
1.6400000000000002e-05,0.192,0.004
1.6420000000000002e-05,0.188,0.004
1.6440000000000002e-05,0.188,0.004
1.646e-05,0.192,0.004
1.648e-05,0.192,0.004
1.65e-05,0.184,0.004
1.652e-05,0.188,0.004
1.654e-05,0.192,0.004
1.656e-05,0.184,0.004
1.658e-05,0.188,0.004
1.66e-05,0.184,0.004
1.662e-05,0.192,0.004
1.664e-05,0.184,0.004
1.6660000000000003e-05,0.184,0.004
1.6680000000000003e-05,0.188,0.004
1.6700000000000003e-05,0.188,0.004
1.6720000000000003e-05,0.184,0.004
1.6740000000000002e-05,0.18,0.004
1.6760000000000002e-05,0.184,0.004
1.6780000000000002e-05,0.192,0.004
1.6800000000000002e-05,0.184,0.004
1.682e-05,0.184,0.004
1.684e-05,0.188,0.004
1.686e-05,0.188,0.004
1.688e-05,0.184,0.004
1.69e-05,0.18,0.004
1.692e-05,0.184,0.004
1.694e-05,0.188,0.004
1.696e-05,0.188,0.004
1.698e-05,0.184,0.004
1.7000000000000003e-05,0.18,0.004
1.7020000000000003e-05,0.188,0.004
1.7040000000000003e-05,0.188,0.004
1.7060000000000003e-05,0.188,0.004
1.7080000000000002e-05,0.184,0.004
1.7100000000000002e-05,0.188,0.004
1.7120000000000002e-05,0.184,0.004
1.7140000000000002e-05,0.184,0.004
1.7160000000000002e-05,0.184,0.004
1.718e-05,0.188,0.004
1.72e-05,0.188,0.004
1.722e-05,0.184,0.004
1.724e-05,0.184,0.004
1.726e-05,0.184,0.004
1.728e-05,0.184,0.004
1.73e-05,0.18,0.004
1.732e-05,0.176,0.004
1.734e-05,0.18,0.004
1.7360000000000003e-05,0.18,0.004
1.7380000000000003e-05,0.184,0.004
1.7400000000000003e-05,0.176,0.004
1.7420000000000003e-05,0.18,0.004
1.7440000000000002e-05,0.18,0.004
1.7460000000000002e-05,0.176,0.004
1.7480000000000002e-05,0.18,0.004
1.7500000000000002e-05,0.176,0.004
1.752e-05,0.18,0.004
1.754e-05,0.184,0.004
1.756e-05,0.184,0.004
1.758e-05,0.18,0.004
1.76e-05,0.17200000000000001,0.004
1.762e-05,0.18,0.004
1.764e-05,0.18,0.004
1.766e-05,0.18,0.004
1.768e-05,0.168,0.004
1.77e-05,0.17200000000000001,0.004
1.7720000000000003e-05,0.176,0.004
1.7740000000000003e-05,0.176,0.004
1.7760000000000003e-05,0.176,0.004
1.7780000000000003e-05,0.17200000000000001,0.004
1.7800000000000002e-05,0.18,0.004
1.7820000000000002e-05,0.176,0.004
1.7840000000000002e-05,0.176,0.004
1.7860000000000002e-05,0.17200000000000001,0.004
1.788e-05,0.17200000000000001,0.004
1.79e-05,0.176,0.004
1.792e-05,0.17200000000000001,0.004
1.794e-05,0.176,0.004
1.796e-05,0.17200000000000001,0.004
1.798e-05,0.168,0.004
1.8e-05,0.168,0.004
1.802e-05,0.17200000000000001,0.004
1.804e-05,0.168,0.004
1.8060000000000003e-05,0.17200000000000001,0.004
1.8080000000000003e-05,0.17200000000000001,0.004
1.8100000000000003e-05,0.176,0.004
1.8120000000000003e-05,0.168,0.004
1.8140000000000003e-05,0.168,0.004
1.8160000000000002e-05,0.17200000000000001,0.004
1.8180000000000002e-05,0.17200000000000001,0.004
1.8200000000000002e-05,0.168,0.004
1.8220000000000002e-05,0.168,0.004
1.824e-05,0.168,0.004
1.826e-05,0.164,0.004
1.828e-05,0.17200000000000001,0.004
1.83e-05,0.168,0.004
1.832e-05,0.168,0.004
1.834e-05,0.17200000000000001,0.004
1.836e-05,0.164,0.004
1.838e-05,0.17200000000000001,0.004
1.84e-05,0.164,0.004
1.8420000000000003e-05,0.168,0.004
1.8440000000000003e-05,0.164,0.004
1.8460000000000003e-05,0.168,0.004
1.8480000000000003e-05,0.168,0.004
1.8500000000000002e-05,0.164,0.004
1.8520000000000002e-05,0.168,0.004
1.8540000000000002e-05,0.16,0.004
1.8560000000000002e-05,0.168,0.004
1.858e-05,0.156,0.004
1.86e-05,0.168,0.004
1.862e-05,0.16,0.004
1.864e-05,0.156,0.004
1.866e-05,0.164,0.004
1.868e-05,0.164,0.004
1.87e-05,0.164,0.004
1.872e-05,0.16,0.004
1.874e-05,0.156,0.004
1.876e-05,0.164,0.004
1.8780000000000003e-05,0.156,0.004
1.8800000000000003e-05,0.156,0.004
1.8820000000000003e-05,0.156,0.004
1.8840000000000003e-05,0.164,0.004
1.8860000000000002e-05,0.156,0.004
1.8880000000000002e-05,0.16,0.004
1.8900000000000002e-05,0.156,0.004
1.8920000000000002e-05,0.152,0.004
1.894e-05,0.156,0.004
1.896e-05,0.16,0.004
1.898e-05,0.152,0.004
1.9e-05,0.156,0.004
1.902e-05,0.148,0.004
1.904e-05,0.156,0.004
1.906e-05,0.152,0.004
1.908e-05,0.156,0.004
1.91e-05,0.152,0.004
1.9120000000000003e-05,0.156,0.004
1.9140000000000003e-05,0.152,0.004
1.9160000000000003e-05,0.156,0.004
1.9180000000000003e-05,0.152,0.004
1.9200000000000003e-05,0.152,0.004
1.9220000000000002e-05,0.156,0.004
1.9240000000000002e-05,0.148,0.004
1.9260000000000002e-05,0.152,0.004
1.9280000000000002e-05,0.148,0.004
1.93e-05,0.148,0.004
1.932e-05,0.148,0.004
1.934e-05,0.152,0.004
1.936e-05,0.152,0.004
1.938e-05,0.14400000000000002,0.004
1.94e-05,0.148,0.004
1.942e-05,0.152,0.004
1.944e-05,0.148,0.004
1.946e-05,0.148,0.004
1.9480000000000003e-05,0.148,0.004
1.9500000000000003e-05,0.152,0.004
1.9520000000000003e-05,0.148,0.004
1.9540000000000003e-05,0.148,0.004
1.9560000000000002e-05,0.14400000000000002,0.004
1.9580000000000002e-05,0.14400000000000002,0.004
1.9600000000000002e-05,0.14400000000000002,0.004
1.9620000000000002e-05,0.148,0.004
1.9640000000000002e-05,0.148,0.004
1.966e-05,0.14400000000000002,0.004
1.968e-05,0.14,0.004
1.97e-05,0.14400000000000002,0.004
1.972e-05,0.14400000000000002,0.004
1.974e-05,0.14400000000000002,0.004
1.976e-05,0.136,0.004
1.978e-05,0.148,0.004
1.98e-05,0.14400000000000002,0.004
1.982e-05,0.14400000000000002,0.004
1.9840000000000003e-05,0.14400000000000002,0.004
1.9860000000000003e-05,0.14,0.004
1.9880000000000003e-05,0.14400000000000002,0.004
1.9900000000000003e-05,0.14400000000000002,0.004
1.9920000000000002e-05,0.14,0.004
1.9940000000000002e-05,0.14,0.004
1.9960000000000002e-05,0.14,0.004
1.9980000000000002e-05,0.136,0.004
2e-05,0.14,0.004
2.002e-05,0.136,0.004
2.004e-05,0.14400000000000002,0.004
2.006e-05,0.14,0.004
2.008e-05,0.14,0.004
2.01e-05,0.14,0.004
2.012e-05,0.136,0.004
2.014e-05,0.14,0.004
2.016e-05,0.136,0.004
2.0180000000000003e-05,0.136,0.004
2.0200000000000003e-05,0.132,0.004
2.0220000000000003e-05,0.14,0.004
2.0240000000000003e-05,0.128,0.004
2.0260000000000003e-05,0.136,0.004
2.0280000000000002e-05,0.132,0.004
2.0300000000000002e-05,0.14,0.004
2.0320000000000002e-05,0.136,0.004
2.0340000000000002e-05,0.132,0.004
2.036e-05,0.132,0.004
2.038e-05,0.132,0.004
2.04e-05,0.136,0.004
2.042e-05,0.136,0.004
2.044e-05,0.136,0.004
2.046e-05,0.132,0.004
2.048e-05,0.132,0.004
2.05e-05,0.128,0.004
2.052e-05,0.132,0.004
2.0540000000000003e-05,0.136,0.004
2.0560000000000003e-05,0.128,0.004
2.0580000000000003e-05,0.132,0.004
2.0600000000000003e-05,0.128,0.004
2.0620000000000002e-05,0.128,0.004
2.0640000000000002e-05,0.132,0.004
2.0660000000000002e-05,0.132,0.004
2.0680000000000002e-05,0.128,0.004
2.0700000000000002e-05,0.124,0.004
2.072e-05,0.132,0.004
2.074e-05,0.132,0.004
2.076e-05,0.128,0.004
2.078e-05,0.132,0.004
2.08e-05,0.128,0.004
2.082e-05,0.132,0.004
2.084e-05,0.128,0.004
2.086e-05,0.132,0.004
2.088e-05,0.128,0.004
2.0900000000000003e-05,0.128,0.004
2.0920000000000003e-05,0.132,0.004
2.0940000000000003e-05,0.128,0.004
2.0960000000000003e-05,0.128,0.004
2.0980000000000002e-05,0.128,0.004
2.1000000000000002e-05,0.128,0.004
2.1020000000000002e-05,0.128,0.004
2.1040000000000002e-05,0.128,0.004
2.106e-05,0.124,0.004
2.108e-05,0.128,0.004
2.11e-05,0.124,0.004
2.112e-05,0.128,0.004
2.114e-05,0.124,0.004
2.116e-05,0.128,0.004
2.118e-05,0.124,0.004
2.12e-05,0.124,0.004
2.122e-05,0.124,0.004
2.1240000000000003e-05,0.124,0.004
2.1260000000000003e-05,0.12,0.004
2.1280000000000003e-05,0.124,0.004
2.1300000000000003e-05,0.124,0.004
2.1320000000000003e-05,0.128,0.004
2.1340000000000002e-05,0.128,0.004
2.1360000000000002e-05,0.12,0.004
2.1380000000000002e-05,0.124,0.004
2.1400000000000002e-05,0.12,0.004
2.142e-05,0.116,0.004
2.144e-05,0.124,0.004
2.146e-05,0.12,0.004
2.148e-05,0.124,0.004
2.15e-05,0.12,0.004
2.152e-05,0.124,0.004
2.154e-05,0.12,0.004
2.156e-05,0.116,0.004
2.158e-05,0.12,0.004
2.1600000000000003e-05,0.12,0.004
2.1620000000000003e-05,0.12,0.004
2.1640000000000003e-05,0.116,0.004
2.1660000000000003e-05,0.116,0.004
2.1680000000000002e-05,0.12,0.004
2.1700000000000002e-05,0.124,0.004
2.1720000000000002e-05,0.12,0.004
2.1740000000000002e-05,0.116,0.004
2.1760000000000002e-05,0.116,0.004
2.178e-05,0.116,0.004
2.18e-05,0.116,0.004
2.182e-05,0.12,0.004
2.184e-05,0.12,0.004
2.186e-05,0.12,0.004
2.188e-05,0.116,0.004
2.19e-05,0.116,0.004
2.192e-05,0.12,0.004
2.194e-05,0.116,0.004
2.1960000000000003e-05,0.116,0.004
2.1980000000000003e-05,0.116,0.004
2.2000000000000003e-05,0.116,0.004
2.2020000000000003e-05,0.116,0.004
2.2040000000000002e-05,0.116,0.004
2.2060000000000002e-05,0.116,0.004
2.2080000000000002e-05,0.116,0.004
2.2100000000000002e-05,0.112,0.004
2.212e-05,0.12,0.004
2.214e-05,0.116,0.004
2.216e-05,0.116,0.004
2.218e-05,0.116,0.004
2.22e-05,0.112,0.004
2.222e-05,0.108,0.004
2.224e-05,0.112,0.004
2.226e-05,0.116,0.004
2.228e-05,0.112,0.004
2.2300000000000003e-05,0.116,0.004
2.2320000000000003e-05,0.116,0.004
2.2340000000000003e-05,0.116,0.004
2.2360000000000003e-05,0.112,0.004
2.2380000000000003e-05,0.112,0.004
2.2400000000000002e-05,0.112,0.004
2.2420000000000002e-05,0.116,0.004
2.2440000000000002e-05,0.116,0.004
2.2460000000000002e-05,0.112,0.004
2.248e-05,0.112,0.004
2.25e-05,0.108,0.004
2.252e-05,0.116,0.004
2.254e-05,0.112,0.004
2.256e-05,0.116,0.004
2.258e-05,0.108,0.004
2.26e-05,0.108,0.004
2.262e-05,0.112,0.004
2.264e-05,0.112,0.004
2.2660000000000003e-05,0.112,0.004
2.2680000000000003e-05,0.108,0.004
2.2700000000000003e-05,0.112,0.004
2.2720000000000003e-05,0.112,0.004
2.2740000000000003e-05,0.108,0.004
2.2760000000000002e-05,0.112,0.004
2.2780000000000002e-05,0.108,0.004
2.2800000000000002e-05,0.112,0.004
2.2820000000000002e-05,0.112,0.004
2.284e-05,0.10400000000000001,0.004
2.286e-05,0.108,0.004
2.288e-05,0.112,0.004
2.29e-05,0.108,0.004
2.292e-05,0.116,0.004
2.294e-05,0.108,0.004
2.296e-05,0.112,0.004
2.298e-05,0.108,0.004
2.3e-05,0.108,0.004
2.3020000000000003e-05,0.108,0.004
2.3040000000000003e-05,0.108,0.004
2.3060000000000003e-05,0.10400000000000001,0.004
2.3080000000000003e-05,0.112,0.004
2.3100000000000002e-05,0.108,0.004
2.3120000000000002e-05,0.108,0.004
2.3140000000000002e-05,0.108,0.004
2.3160000000000002e-05,0.10400000000000001,0.004
2.318e-05,0.108,0.004
2.32e-05,0.10400000000000001,0.004
2.322e-05,0.108,0.004
2.324e-05,0.108,0.004
2.326e-05,0.10400000000000001,0.004
2.328e-05,0.10400000000000001,0.004
2.33e-05,0.108,0.004
2.332e-05,0.112,0.004
2.334e-05,0.10400000000000001,0.004
2.3360000000000003e-05,0.108,0.004
2.3380000000000003e-05,0.112,0.004
2.3400000000000003e-05,0.10400000000000001,0.004
2.3420000000000003e-05,0.112,0.004
2.3440000000000003e-05,0.108,0.004
2.3460000000000002e-05,0.108,0.004
2.3480000000000002e-05,0.10400000000000001,0.004
2.3500000000000002e-05,0.108,0.004
2.3520000000000002e-05,0.108,0.004
2.354e-05,0.096,0.004
2.356e-05,0.112,0.004
2.358e-05,0.108,0.004
2.36e-05,0.108,0.004
2.362e-05,0.1,0.004
2.364e-05,0.10400000000000001,0.004
2.366e-05,0.108,0.004
2.368e-05,0.108,0.004
2.37e-05,0.108,0.004
2.3720000000000003e-05,0.108,0.004
2.3740000000000003e-05,0.112,0.004
2.3760000000000003e-05,0.108,0.004
2.3780000000000003e-05,0.108,0.004
2.3800000000000003e-05,0.10400000000000001,0.004
2.3820000000000002e-05,0.10400000000000001,0.004
2.3840000000000002e-05,0.112,0.004
2.3860000000000002e-05,0.10400000000000001,0.004
2.3880000000000002e-05,0.10400000000000001,0.004
2.39e-05,0.108,0.004
2.392e-05,0.10400000000000001,0.004
2.394e-05,0.108,0.004
2.396e-05,0.10400000000000001,0.004
2.398e-05,0.108,0.004
2.4e-05,0.108,0.004
2.402e-05,0.108,0.004
2.404e-05,0.108,0.004
2.4060000000000003e-05,0.112,0.004
2.4080000000000003e-05,0.10400000000000001,0.004
2.4100000000000003e-05,0.108,0.004
2.4120000000000003e-05,0.10400000000000001,0.004
2.4140000000000003e-05,0.108,0.004
2.4160000000000002e-05,0.10400000000000001,0.004
2.4180000000000002e-05,0.108,0.004
2.4200000000000002e-05,0.10400000000000001,0.004
2.4220000000000002e-05,0.10400000000000001,0.004
2.4240000000000002e-05,0.10400000000000001,0.004
2.426e-05,0.108,0.004
2.428e-05,0.112,0.004
2.43e-05,0.10400000000000001,0.004
2.432e-05,0.108,0.004
2.434e-05,0.10400000000000001,0.004
2.436e-05,0.10400000000000001,0.004
2.438e-05,0.108,0.004
2.44e-05,0.108,0.004
2.4420000000000003e-05,0.10400000000000001,0.004
2.4440000000000003e-05,0.108,0.004
2.4460000000000003e-05,0.10400000000000001,0.004
2.4480000000000003e-05,0.108,0.004
2.4500000000000003e-05,0.108,0.004
2.4520000000000002e-05,0.1,0.004
2.4540000000000002e-05,0.108,0.004
2.4560000000000002e-05,0.10400000000000001,0.004
2.4580000000000002e-05,0.10400000000000001,0.004
2.46e-05,0.108,0.004
2.462e-05,0.108,0.004
2.464e-05,0.108,0.004
2.466e-05,0.10400000000000001,0.004
2.468e-05,0.10400000000000001,0.004
2.47e-05,0.108,0.004
2.472e-05,0.10400000000000001,0.004
2.474e-05,0.112,0.004
2.476e-05,0.108,0.004
2.4780000000000003e-05,0.10400000000000001,0.004
2.4800000000000003e-05,0.108,0.004
2.4820000000000003e-05,0.10400000000000001,0.004
2.4840000000000003e-05,0.108,0.004
2.4860000000000003e-05,0.108,0.004
2.4880000000000002e-05,0.112,0.004
2.4900000000000002e-05,0.112,0.004
2.4920000000000002e-05,0.108,0.004
2.4940000000000002e-05,0.108,0.004
2.496e-05,0.108,0.004
2.498e-05,0.112,0.004
2.5e-05,0.108,0.004
2.502e-05,0.10400000000000001,0.004
2.504e-05,0.112,0.004
2.506e-05,0.108,0.004
2.508e-05,0.108,0.004
2.51e-05,0.112,0.004
2.5120000000000003e-05,0.112,0.004
2.5140000000000003e-05,0.112,0.004
2.5160000000000003e-05,0.112,0.004
2.5180000000000003e-05,0.112,0.004
2.5200000000000003e-05,0.116,0.004
2.5220000000000002e-05,0.112,0.004
2.5240000000000002e-05,0.108,0.004
2.5260000000000002e-05,0.112,0.004
2.5280000000000002e-05,0.112,0.004
2.5300000000000002e-05,0.112,0.004
2.532e-05,0.108,0.004
2.534e-05,0.112,0.004
2.536e-05,0.116,0.004
2.538e-05,0.112,0.004
2.54e-05,0.116,0.004
2.542e-05,0.116,0.004
2.544e-05,0.116,0.004
2.546e-05,0.116,0.004
2.5480000000000003e-05,0.116,0.004
2.5500000000000003e-05,0.116,0.004
2.5520000000000003e-05,0.108,0.004
2.5540000000000003e-05,0.116,0.004
2.5560000000000003e-05,0.12,0.004
2.5580000000000002e-05,0.116,0.004
2.5600000000000002e-05,0.112,0.004
2.5620000000000002e-05,0.116,0.004
2.5640000000000002e-05,0.112,0.004
2.566e-05,0.116,0.004
2.568e-05,0.116,0.004
2.57e-05,0.116,0.004
2.572e-05,0.12,0.004
2.574e-05,0.12,0.004
2.576e-05,0.116,0.004
2.578e-05,0.12,0.004
2.58e-05,0.12,0.004
2.582e-05,0.116,0.004
2.5840000000000003e-05,0.124,0.004
2.5860000000000003e-05,0.12,0.004
2.5880000000000003e-05,0.12,0.004
2.5900000000000003e-05,0.12,0.004
2.5920000000000003e-05,0.12,0.004
2.5940000000000002e-05,0.12,0.004
2.5960000000000002e-05,0.128,0.004
2.5980000000000002e-05,0.12,0.004
2.6000000000000002e-05,0.124,0.004
2.602e-05,0.124,0.004
2.604e-05,0.128,0.004
2.606e-05,0.124,0.004
2.608e-05,0.128,0.004
2.61e-05,0.124,0.004
2.612e-05,0.124,0.004
2.614e-05,0.124,0.004
2.616e-05,0.128,0.004
2.6180000000000003e-05,0.124,0.004
2.6200000000000003e-05,0.124,0.004
2.6220000000000003e-05,0.132,0.004
2.6240000000000003e-05,0.128,0.004
2.6260000000000003e-05,0.128,0.004
2.6280000000000002e-05,0.132,0.004
2.6300000000000002e-05,0.128,0.004
2.6320000000000002e-05,0.128,0.004
2.6340000000000002e-05,0.132,0.004
2.6360000000000002e-05,0.128,0.004
2.638e-05,0.136,0.004
2.64e-05,0.132,0.004
2.642e-05,0.132,0.004
2.644e-05,0.132,0.004
2.646e-05,0.128,0.004
2.648e-05,0.132,0.004
2.65e-05,0.128,0.004
2.652e-05,0.132,0.004
2.6540000000000003e-05,0.128,0.004
2.6560000000000003e-05,0.132,0.004
2.6580000000000003e-05,0.132,0.004
2.6600000000000003e-05,0.132,0.004
2.6620000000000003e-05,0.132,0.004
2.6640000000000002e-05,0.132,0.004
2.6660000000000002e-05,0.14,0.004
2.6680000000000002e-05,0.136,0.004
2.6700000000000002e-05,0.136,0.004
2.672e-05,0.136,0.004
2.674e-05,0.132,0.004
2.676e-05,0.136,0.004
2.678e-05,0.136,0.004
2.68e-05,0.14,0.004
2.682e-05,0.136,0.004
2.684e-05,0.132,0.004
2.686e-05,0.14,0.004
2.688e-05,0.14,0.004
2.6900000000000003e-05,0.132,0.004
2.6920000000000003e-05,0.136,0.004
2.6940000000000003e-05,0.14,0.004
2.6960000000000003e-05,0.136,0.004
2.6980000000000003e-05,0.14,0.004
2.7000000000000002e-05,0.136,0.004
2.7020000000000002e-05,0.136,0.004
2.7040000000000002e-05,0.14,0.004
2.7060000000000002e-05,0.14,0.004
2.708e-05,0.14,0.004
2.71e-05,0.14,0.004
2.712e-05,0.14,0.004
2.714e-05,0.14400000000000002,0.004
2.716e-05,0.14,0.004
2.718e-05,0.14,0.004
2.72e-05,0.14,0.004
2.722e-05,0.136,0.004
2.7240000000000003e-05,0.14,0.004
2.7260000000000003e-05,0.14400000000000002,0.004
2.7280000000000003e-05,0.148,0.004
2.7300000000000003e-05,0.136,0.004
2.7320000000000003e-05,0.14,0.004
2.7340000000000003e-05,0.14400000000000002,0.004
2.7360000000000002e-05,0.14,0.004
2.7380000000000002e-05,0.14,0.004
2.7400000000000002e-05,0.14,0.004
2.7420000000000002e-05,0.148,0.004
2.744e-05,0.14,0.004
2.746e-05,0.14400000000000002,0.004
2.748e-05,0.136,0.004
2.75e-05,0.14,0.004
2.752e-05,0.14,0.004
2.754e-05,0.14,0.004
2.756e-05,0.14,0.004
2.758e-05,0.14,0.004
2.7600000000000003e-05,0.14,0.004
2.7620000000000003e-05,0.136,0.004
2.7640000000000003e-05,0.14400000000000002,0.004
2.7660000000000003e-05,0.14,0.004
2.7680000000000003e-05,0.136,0.004
2.7700000000000002e-05,0.136,0.004
2.7720000000000002e-05,0.136,0.004
2.7740000000000002e-05,0.14,0.004
2.7760000000000002e-05,0.136,0.004
2.778e-05,0.136,0.004
2.78e-05,0.14400000000000002,0.004
2.782e-05,0.14,0.004
2.784e-05,0.136,0.004
2.786e-05,0.136,0.004
2.788e-05,0.136,0.004
2.79e-05,0.14,0.004
2.792e-05,0.14400000000000002,0.004
2.7940000000000004e-05,0.136,0.004
2.796e-05,0.14,0.004
2.7980000000000003e-05,0.14,0.004
2.8e-05,0.14,0.004
2.8020000000000003e-05,0.14,0.004
2.804e-05,0.14,0.004
2.8060000000000002e-05,0.14,0.004
2.808e-05,0.136,0.004
2.8100000000000002e-05,0.14400000000000002,0.004
2.8120000000000005e-05,0.132,0.004
2.814e-05,0.136,0.004
2.8160000000000005e-05,0.132,0.004
2.818e-05,0.136,0.004
2.8200000000000004e-05,0.136,0.004
2.822e-05,0.14,0.004
2.8240000000000004e-05,0.136,0.004
2.826e-05,0.14,0.004
2.8280000000000004e-05,0.136,0.004
2.83e-05,0.136,0.004
2.8320000000000003e-05,0.14,0.004
2.834e-05,0.136,0.004
2.8360000000000003e-05,0.136,0.004
2.838e-05,0.132,0.004
2.8400000000000003e-05,0.136,0.004
2.842e-05,0.132,0.004
2.8440000000000002e-05,0.132,0.004
2.846e-05,0.136,0.004
2.8480000000000002e-05,0.132,0.004
2.8500000000000005e-05,0.136,0.004
2.852e-05,0.128,0.004
2.8540000000000005e-05,0.132,0.004
2.856e-05,0.128,0.004
2.8580000000000004e-05,0.128,0.004
2.86e-05,0.132,0.004
2.8620000000000004e-05,0.128,0.004
2.864e-05,0.132,0.004
2.8660000000000003e-05,0.128,0.004
2.868e-05,0.128,0.004
2.8700000000000003e-05,0.132,0.004
2.872e-05,0.128,0.004
2.8740000000000003e-05,0.128,0.004
2.876e-05,0.132,0.004
2.8780000000000002e-05,0.128,0.004
2.88e-05,0.128,0.004
2.8820000000000002e-05,0.124,0.004
2.8840000000000005e-05,0.128,0.004
2.886e-05,0.128,0.004
2.8880000000000005e-05,0.128,0.004
2.89e-05,0.128,0.004
2.8920000000000004e-05,0.124,0.004
2.894e-05,0.128,0.004
2.8960000000000004e-05,0.128,0.004
2.898e-05,0.124,0.004
2.9000000000000004e-05,0.124,0.004
2.902e-05,0.128,0.004
2.9040000000000003e-05,0.12,0.004
2.906e-05,0.124,0.004
2.9080000000000003e-05,0.128,0.004
2.91e-05,0.124,0.004
2.9120000000000002e-05,0.128,0.004
2.914e-05,0.12,0.004
2.9160000000000002e-05,0.124,0.004
2.9180000000000005e-05,0.12,0.004
2.92e-05,0.124,0.004
2.9220000000000005e-05,0.124,0.004
2.924e-05,0.12,0.004
2.9260000000000004e-05,0.12,0.004
2.928e-05,0.116,0.004
2.9300000000000004e-05,0.12,0.004
2.932e-05,0.12,0.004
2.9340000000000004e-05,0.12,0.004
2.936e-05,0.12,0.004
2.9380000000000003e-05,0.116,0.004
2.94e-05,0.128,0.004
2.9420000000000003e-05,0.12,0.004
2.944e-05,0.12,0.004
2.9460000000000003e-05,0.124,0.004
2.948e-05,0.112,0.004
2.9500000000000002e-05,0.12,0.004
2.952e-05,0.12,0.004
2.9540000000000002e-05,0.116,0.004
2.9560000000000005e-05,0.116,0.004
2.958e-05,0.124,0.004
2.9600000000000005e-05,0.12,0.004
2.962e-05,0.12,0.004
2.9640000000000004e-05,0.116,0.004
2.966e-05,0.116,0.004
2.9680000000000004e-05,0.12,0.004
2.97e-05,0.116,0.004
2.9720000000000003e-05,0.12,0.004
2.974e-05,0.116,0.004
2.9760000000000003e-05,0.112,0.004
2.978e-05,0.116,0.004
2.9800000000000003e-05,0.112,0.004
2.982e-05,0.116,0.004
2.9840000000000002e-05,0.112,0.004
2.986e-05,0.108,0.004
2.9880000000000002e-05,0.116,0.004
2.9900000000000005e-05,0.112,0.004
2.992e-05,0.112,0.004
2.9940000000000005e-05,0.116,0.004
2.996e-05,0.116,0.004
2.9980000000000004e-05,0.112,0.004
3e-05,0.112,0.004
3.0020000000000004e-05,0.112,0.004
3.004e-05,0.116,0.004
3.0060000000000004e-05,0.112,0.004
3.008e-05,0.112,0.004
3.0100000000000003e-05,0.116,0.004
3.012e-05,0.116,0.004
3.0140000000000003e-05,0.10400000000000001,0.004
3.016e-05,0.112,0.004
3.0180000000000002e-05,0.116,0.004
3.02e-05,0.112,0.004
3.0220000000000002e-05,0.112,0.004
3.0240000000000005e-05,0.108,0.004
3.026e-05,0.112,0.004
3.0280000000000005e-05,0.108,0.004
3.03e-05,0.112,0.004
3.0320000000000004e-05,0.108,0.004
3.034e-05,0.108,0.004
3.0360000000000004e-05,0.112,0.004
3.038e-05,0.10400000000000001,0.004
3.0400000000000004e-05,0.108,0.004
3.042e-05,0.10400000000000001,0.004
3.0440000000000003e-05,0.116,0.004
3.046e-05,0.108,0.004
3.0480000000000003e-05,0.112,0.004
3.05e-05,0.10400000000000001,0.004
3.052e-05,0.112,0.004
3.0539999999999996e-05,0.108,0.004
3.056e-05,0.10400000000000001,0.004
3.0579999999999995e-05,0.108,0.004
3.06e-05,0.108,0.004
3.062e-05,0.108,0.004
3.064e-05,0.108,0.004
3.066e-05,0.10400000000000001,0.004
3.068e-05,0.108,0.004
3.07e-05,0.10400000000000001,0.004
3.072e-05,0.108,0.004
3.074e-05,0.108,0.004
3.076e-05,0.10400000000000001,0.004
3.078e-05,0.10400000000000001,0.004
3.0799999999999996e-05,0.10400000000000001,0.004
3.082e-05,0.108,0.004
3.0839999999999996e-05,0.108,0.004
3.086e-05,0.10400000000000001,0.004
3.0879999999999996e-05,0.10400000000000001,0.004
3.09e-05,0.10400000000000001,0.004
3.0919999999999995e-05,0.10400000000000001,0.004
3.094e-05,0.108,0.004
3.096e-05,0.10400000000000001,0.004
3.098e-05,0.10400000000000001,0.004
3.1e-05,0.1,0.004
3.102e-05,0.10400000000000001,0.004
3.104e-05,0.10400000000000001,0.004
3.106e-05,0.10400000000000001,0.004
3.108e-05,0.096,0.004
3.11e-05,0.1,0.004
3.112e-05,0.1,0.004
3.114e-05,0.10400000000000001,0.004
3.116e-05,0.096,0.004
3.1179999999999996e-05,0.1,0.004
3.12e-05,0.1,0.004
3.1219999999999996e-05,0.1,0.004
3.124e-05,0.1,0.004
3.1259999999999995e-05,0.096,0.004
3.128e-05,0.1,0.004
3.13e-05,0.10400000000000001,0.004
3.132e-05,0.1,0.004
3.134e-05,0.1,0.004
3.136e-05,0.096,0.004
3.138e-05,0.10400000000000001,0.004
3.14e-05,0.096,0.004
3.142e-05,0.1,0.004
3.144e-05,0.10400000000000001,0.004
3.146e-05,0.092,0.004
3.148e-05,0.096,0.004
3.15e-05,0.096,0.004
3.1519999999999996e-05,0.1,0.004
3.154e-05,0.096,0.004
3.1559999999999996e-05,0.096,0.004
3.158e-05,0.1,0.004
3.1599999999999996e-05,0.1,0.004
3.162e-05,0.1,0.004
3.1639999999999995e-05,0.096,0.004
3.166e-05,0.096,0.004
3.168e-05,0.10400000000000001,0.004
3.17e-05,0.092,0.004
3.172e-05,0.1,0.004
3.174e-05,0.092,0.004
3.176e-05,0.1,0.004
3.178e-05,0.096,0.004
3.18e-05,0.096,0.004
3.182e-05,0.1,0.004
3.184e-05,0.088,0.004
3.1859999999999997e-05,0.1,0.004
3.188e-05,0.096,0.004
3.1899999999999996e-05,0.092,0.004
3.192e-05,0.096,0.004
3.1939999999999996e-05,0.096,0.004
3.196e-05,0.096,0.004
3.1979999999999995e-05,0.096,0.004
3.2e-05,0.096,0.004
3.202e-05,0.1,0.004
3.204e-05,0.1,0.004
3.206e-05,0.096,0.004
3.208e-05,0.096,0.004
3.21e-05,0.092,0.004
3.212e-05,0.096,0.004
3.214e-05,0.1,0.004
3.216e-05,0.096,0.004
3.218e-05,0.092,0.004
3.22e-05,0.096,0.004
3.222e-05,0.092,0.004
3.2239999999999996e-05,0.096,0.004
3.226e-05,0.096,0.004
3.2279999999999996e-05,0.096,0.004
3.23e-05,0.092,0.004
3.2319999999999995e-05,0.092,0.004
3.234e-05,0.092,0.004
3.236e-05,0.092,0.004
3.238e-05,0.092,0.004
3.24e-05,0.092,0.004
3.242e-05,0.096,0.004
3.244e-05,0.088,0.004
3.246e-05,0.092,0.004
3.248e-05,0.092,0.004
3.25e-05,0.092,0.004
3.252e-05,0.096,0.004
3.254e-05,0.092,0.004
3.256e-05,0.096,0.004
3.2579999999999996e-05,0.092,0.004
3.26e-05,0.096,0.004
3.2619999999999996e-05,0.092,0.004
3.264e-05,0.092,0.004
3.2659999999999996e-05,0.092,0.004
3.268e-05,0.092,0.004
3.2699999999999995e-05,0.096,0.004
3.272e-05,0.096,0.004
3.274e-05,0.092,0.004
3.276e-05,0.096,0.004
3.278e-05,0.096,0.004
3.28e-05,0.1,0.004
3.282e-05,0.096,0.004
3.284e-05,0.092,0.004
3.286e-05,0.092,0.004
3.288e-05,0.092,0.004
3.29e-05,0.092,0.004
3.2919999999999997e-05,0.096,0.004
3.294e-05,0.092,0.004
3.2959999999999996e-05,0.092,0.004
3.298e-05,0.092,0.004
3.2999999999999996e-05,0.092,0.004
3.302e-05,0.096,0.004
3.3039999999999995e-05,0.096,0.004
3.306e-05,0.092,0.004
3.308e-05,0.092,0.004
3.31e-05,0.096,0.004
3.312e-05,0.096,0.004
3.314e-05,0.088,0.004
3.316e-05,0.088,0.004
3.318e-05,0.088,0.004
3.32e-05,0.092,0.004
3.322e-05,0.096,0.004
3.324e-05,0.084,0.004
3.326e-05,0.092,0.004
3.328e-05,0.096,0.004
3.3299999999999996e-05,0.092,0.004
3.332e-05,0.1,0.004
3.3339999999999996e-05,0.092,0.004
3.336e-05,0.096,0.004
3.3379999999999996e-05,0.096,0.004
3.34e-05,0.096,0.004
3.342e-05,0.096,0.004
3.344e-05,0.088,0.004
3.346e-05,0.092,0.004
3.348e-05,0.092,0.004
3.35e-05,0.096,0.004
3.352e-05,0.092,0.004
3.354e-05,0.092,0.004
3.356e-05,0.092,0.004
3.358e-05,0.096,0.004
3.36e-05,0.096,0.004
3.362e-05,0.1,0.004
3.3639999999999996e-05,0.1,0.004
3.366e-05,0.096,0.004
3.3679999999999996e-05,0.096,0.004
3.37e-05,0.096,0.004
3.3719999999999996e-05,0.096,0.004
3.374e-05,0.1,0.004
3.3759999999999995e-05,0.1,0.004
3.378e-05,0.1,0.004
3.38e-05,0.1,0.004
3.382e-05,0.096,0.004
3.384e-05,0.1,0.004
3.386e-05,0.1,0.004
3.388e-05,0.1,0.004
3.39e-05,0.1,0.004
3.392e-05,0.10400000000000001,0.004
3.394e-05,0.10400000000000001,0.004
3.396e-05,0.10400000000000001,0.004
3.3979999999999997e-05,0.1,0.004
3.4e-05,0.108,0.004
3.4019999999999996e-05,0.108,0.004
3.404e-05,0.108,0.004
3.4059999999999996e-05,0.108,0.004
3.408e-05,0.108,0.004
3.4099999999999995e-05,0.1,0.004
3.412e-05,0.10400000000000001,0.004
3.414e-05,0.112,0.004
3.416e-05,0.112,0.004
3.418e-05,0.112,0.004
3.42e-05,0.112,0.004
3.422e-05,0.108,0.004
3.424e-05,0.112,0.004
3.426e-05,0.112,0.004
3.428e-05,0.112,0.004
3.43e-05,0.108,0.004
3.432e-05,0.112,0.004
3.434e-05,0.12,0.004
3.4359999999999996e-05,0.116,0.004
3.438e-05,0.116,0.004
3.4399999999999996e-05,0.12,0.004
3.442e-05,0.116,0.004
3.4439999999999996e-05,0.12,0.004
3.446e-05,0.116,0.004
3.448e-05,0.116,0.004
3.45e-05,0.12,0.004
3.452e-05,0.12,0.004
3.454e-05,0.128,0.004
3.456e-05,0.12,0.004
3.458e-05,0.128,0.004
3.46e-05,0.124,0.004
3.462e-05,0.128,0.004
3.464e-05,0.128,0.004
3.466e-05,0.128,0.004
3.468e-05,0.128,0.004
3.4699999999999996e-05,0.132,0.004
3.472e-05,0.132,0.004
3.4739999999999996e-05,0.132,0.004
3.476e-05,0.136,0.004
3.4779999999999996e-05,0.14,0.004
3.48e-05,0.14400000000000002,0.004
3.4819999999999995e-05,0.136,0.004
3.484e-05,0.136,0.004
3.486e-05,0.14400000000000002,0.004
3.488e-05,0.14400000000000002,0.004
3.49e-05,0.14400000000000002,0.004
3.492e-05,0.14400000000000002,0.004
3.494e-05,0.148,0.004
3.496e-05,0.152,0.004
3.498e-05,0.148,0.004
3.5e-05,0.156,0.004
3.502e-05,0.152,0.004
3.5039999999999997e-05,0.156,0.004
3.506e-05,0.156,0.004
3.5079999999999996e-05,0.156,0.004
3.51e-05,0.156,0.004
3.5119999999999996e-05,0.156,0.004
3.514e-05,0.164,0.004
3.5159999999999995e-05,0.16,0.004
3.518e-05,0.168,0.004
3.52e-05,0.168,0.004
3.522e-05,0.16,0.004
3.524e-05,0.164,0.004
3.526e-05,0.168,0.004
3.528e-05,0.168,0.004
3.53e-05,0.176,0.004
3.532e-05,0.17200000000000001,0.004
3.534e-05,0.17200000000000001,0.004
3.536e-05,0.176,0.004
3.538e-05,0.18,0.004
3.54e-05,0.176,0.004
3.5419999999999996e-05,0.176,0.004
3.544e-05,0.18,0.004
3.5459999999999996e-05,0.18,0.004
3.548e-05,0.18,0.004
3.5499999999999996e-05,0.176,0.004
3.552e-05,0.188,0.004
3.554e-05,0.184,0.004
3.556e-05,0.188,0.004
3.558e-05,0.184,0.004
3.56e-05,0.188,0.004
3.562e-05,0.188,0.004
3.564e-05,0.188,0.004
3.566e-05,0.188,0.004
3.568e-05,0.188,0.004
3.57e-05,0.188,0.004
3.572e-05,0.188,0.004
3.574e-05,0.196,0.004
3.5759999999999996e-05,0.188,0.004
3.578e-05,0.192,0.004
3.5799999999999996e-05,0.188,0.004
3.582e-05,0.188,0.004
3.5839999999999996e-05,0.192,0.004
3.586e-05,0.188,0.004
3.5879999999999995e-05,0.196,0.004
3.59e-05,0.196,0.004
3.592e-05,0.192,0.004
3.594e-05,0.196,0.004
3.596e-05,0.188,0.004
3.598e-05,0.196,0.004
3.6e-05,0.196,0.004
3.602e-05,0.192,0.004
3.604e-05,0.192,0.004
3.606e-05,0.192,0.004
3.608e-05,0.192,0.004
3.6099999999999997e-05,0.192,0.004
3.612e-05,0.196,0.004
3.6139999999999996e-05,0.192,0.004
3.616e-05,0.196,0.004
3.6179999999999996e-05,0.196,0.004
3.62e-05,0.192,0.004
3.6219999999999995e-05,0.188,0.004
3.624e-05,0.184,0.004
3.626e-05,0.192,0.004
3.628e-05,0.196,0.004
3.63e-05,0.188,0.004
3.632e-05,0.192,0.004
3.634e-05,0.184,0.004
3.636e-05,0.188,0.004
3.638e-05,0.192,0.004
3.64e-05,0.184,0.004
3.642e-05,0.184,0.004
3.644e-05,0.184,0.004
3.646e-05,0.184,0.004
3.6479999999999996e-05,0.184,0.004
3.65e-05,0.188,0.004
3.6519999999999996e-05,0.184,0.004
3.654e-05,0.18,0.004
3.6559999999999996e-05,0.176,0.004
3.658e-05,0.18,0.004
3.66e-05,0.18,0.004
3.662e-05,0.18,0.004
3.664e-05,0.176,0.004
3.666e-05,0.18,0.004
3.668e-05,0.18,0.004
3.67e-05,0.176,0.004
3.672e-05,0.17200000000000001,0.004
3.674e-05,0.17200000000000001,0.004
3.676e-05,0.176,0.004
3.678e-05,0.176,0.004
3.68e-05,0.17200000000000001,0.004
3.6819999999999996e-05,0.17200000000000001,0.004
3.684e-05,0.168,0.004
3.6859999999999996e-05,0.168,0.004
3.688e-05,0.17200000000000001,0.004
3.6899999999999996e-05,0.17200000000000001,0.004
3.692e-05,0.164,0.004
3.6939999999999995e-05,0.17200000000000001,0.004
3.696e-05,0.164,0.004
3.698e-05,0.164,0.004
3.7e-05,0.164,0.004
3.702e-05,0.164,0.004
3.704e-05,0.168,0.004
3.706e-05,0.164,0.004
3.708e-05,0.164,0.004
3.71e-05,0.16,0.004
3.712e-05,0.16,0.004
3.714e-05,0.16,0.004
3.7159999999999997e-05,0.16,0.004
3.718e-05,0.16,0.004
3.7199999999999996e-05,0.148,0.004
3.722e-05,0.156,0.004
3.7239999999999996e-05,0.156,0.004
3.726e-05,0.152,0.004
3.7279999999999995e-05,0.152,0.004
3.73e-05,0.148,0.004
3.732e-05,0.152,0.004
3.734e-05,0.156,0.004
3.736e-05,0.152,0.004
3.738e-05,0.148,0.004
3.74e-05,0.152,0.004
3.742e-05,0.14400000000000002,0.004
3.744e-05,0.148,0.004
3.746e-05,0.152,0.004
3.748e-05,0.14,0.004
3.75e-05,0.14400000000000002,0.004
3.752e-05,0.14400000000000002,0.004
3.7539999999999996e-05,0.14400000000000002,0.004
3.756e-05,0.14400000000000002,0.004
3.7579999999999996e-05,0.148,0.004
3.76e-05,0.14400000000000002,0.004
3.7619999999999996e-05,0.14400000000000002,0.004
3.764e-05,0.14400000000000002,0.004
3.766e-05,0.14,0.004
3.768e-05,0.136,0.004
3.77e-05,0.14400000000000002,0.004
3.772e-05,0.136,0.004
3.774e-05,0.14,0.004
3.776e-05,0.14,0.004
3.778e-05,0.14,0.004
3.78e-05,0.136,0.004
3.782e-05,0.136,0.004
3.784e-05,0.14,0.004
3.786e-05,0.136,0.004
3.7879999999999996e-05,0.136,0.004
3.79e-05,0.136,0.004
3.7919999999999996e-05,0.136,0.004
3.794e-05,0.132,0.004
3.7959999999999996e-05,0.136,0.004
3.798e-05,0.136,0.004
3.7999999999999995e-05,0.132,0.004
3.802e-05,0.124,0.004
3.804e-05,0.132,0.004
3.806e-05,0.128,0.004
3.808e-05,0.128,0.004
3.81e-05,0.132,0.004
3.812e-05,0.128,0.004
3.814e-05,0.128,0.004
3.816e-05,0.128,0.004
3.818e-05,0.124,0.004
3.82e-05,0.128,0.004
3.8219999999999997e-05,0.124,0.004
3.824e-05,0.124,0.004
3.8259999999999996e-05,0.132,0.004
3.828e-05,0.124,0.004
3.8299999999999996e-05,0.128,0.004
3.832e-05,0.128,0.004
3.8339999999999995e-05,0.124,0.004
3.836e-05,0.128,0.004
3.838e-05,0.12,0.004
3.84e-05,0.128,0.004
3.842e-05,0.116,0.004
3.844e-05,0.12,0.004
3.846e-05,0.124,0.004
3.848e-05,0.12,0.004
3.85e-05,0.12,0.004
3.852e-05,0.116,0.004
3.854e-05,0.12,0.004
3.856e-05,0.12,0.004
3.858e-05,0.116,0.004
3.8599999999999996e-05,0.124,0.004
3.862e-05,0.116,0.004
3.8639999999999996e-05,0.116,0.004
3.866e-05,0.12,0.004
3.8679999999999996e-05,0.12,0.004
3.87e-05,0.116,0.004
3.872e-05,0.116,0.004
3.874e-05,0.12,0.004
3.876e-05,0.116,0.004
3.878e-05,0.12,0.004
3.88e-05,0.116,0.004
3.882e-05,0.112,0.004
3.884e-05,0.116,0.004
3.886e-05,0.116,0.004
3.888e-05,0.108,0.004
3.89e-05,0.112,0.004
3.892e-05,0.116,0.004
3.8939999999999996e-05,0.112,0.004
3.896e-05,0.12,0.004
3.8979999999999996e-05,0.112,0.004
3.9e-05,0.112,0.004
3.9019999999999996e-05,0.112,0.004
3.904e-05,0.112,0.004
3.9059999999999995e-05,0.112,0.004
3.908e-05,0.10400000000000001,0.004
3.91e-05,0.108,0.004
3.912e-05,0.10400000000000001,0.004
3.914e-05,0.112,0.004
3.916e-05,0.112,0.004
3.918e-05,0.10400000000000001,0.004
3.92e-05,0.108,0.004
3.922e-05,0.108,0.004
3.924e-05,0.10400000000000001,0.004
3.926e-05,0.108,0.004
3.928e-05,0.10400000000000001,0.004
3.93e-05,0.112,0.004
3.9319999999999996e-05,0.108,0.004
3.934e-05,0.10400000000000001,0.004
3.9359999999999996e-05,0.108,0.004
3.938e-05,0.10400000000000001,0.004
3.9399999999999995e-05,0.10400000000000001,0.004
3.942e-05,0.108,0.004
3.944e-05,0.108,0.004
3.946e-05,0.1,0.004
3.948e-05,0.10400000000000001,0.004
3.95e-05,0.1,0.004
3.952e-05,0.108,0.004
3.954e-05,0.10400000000000001,0.004
3.956e-05,0.10400000000000001,0.004
3.958e-05,0.108,0.004
3.96e-05,0.10400000000000001,0.004
3.962e-05,0.10400000000000001,0.004
3.964e-05,0.10400000000000001,0.004
3.9659999999999996e-05,0.096,0.004
3.968e-05,0.108,0.004
3.9699999999999996e-05,0.10400000000000001,0.004
3.972e-05,0.10400000000000001,0.004
3.9739999999999996e-05,0.10400000000000001,0.004
3.976e-05,0.1,0.004
3.978e-05,0.10400000000000001,0.004
3.98e-05,0.1,0.004
3.982e-05,0.1,0.004
3.984e-05,0.10400000000000001,0.004
3.986e-05,0.1,0.004
3.988e-05,0.1,0.004
3.99e-05,0.1,0.004
3.992e-05,0.1,0.004
3.994e-05,0.10400000000000001,0.004
3.996e-05,0.10400000000000001,0.004
3.998e-05,0.10400000000000001,0.004
3.9999999999999996e-05,0.096,0.004
4.002e-05,0.1,0.004
4.0039999999999996e-05,0.096,0.004
4.006e-05,0.096,0.004
4.0079999999999996e-05,0.1,0.004
4.01e-05,0.1,0.004
4.0119999999999995e-05,0.1,0.004
4.014e-05,0.096,0.004
4.016e-05,0.1,0.004
4.018e-05,0.096,0.004
4.02e-05,0.096,0.004
4.022e-05,0.096,0.004
4.024e-05,0.096,0.004
4.026e-05,0.1,0.004
4.028e-05,0.096,0.004
4.03e-05,0.092,0.004
4.032e-05,0.092,0.004
4.034e-05,0.096,0.004
4.036e-05,0.092,0.004
4.0379999999999996e-05,0.096,0.004
4.04e-05,0.092,0.004
4.0419999999999996e-05,0.092,0.004
4.044e-05,0.092,0.004
4.0459999999999995e-05,0.092,0.004
4.048e-05,0.096,0.004
4.05e-05,0.096,0.004
4.052e-05,0.092,0.004
4.054e-05,0.096,0.004
4.056e-05,0.092,0.004
4.058e-05,0.092,0.004
4.06e-05,0.092,0.004
4.062e-05,0.092,0.004
4.064e-05,0.092,0.004
4.066e-05,0.096,0.004
4.068e-05,0.096,0.004
4.07e-05,0.092,0.004
4.0719999999999996e-05,0.092,0.004
4.074e-05,0.096,0.004
4.0759999999999996e-05,0.092,0.004
4.078e-05,0.088,0.004
4.0799999999999996e-05,0.092,0.004
4.082e-05,0.092,0.004
4.084e-05,0.096,0.004
4.086e-05,0.088,0.004
4.088e-05,0.088,0.004
4.09e-05,0.092,0.004
4.092e-05,0.092,0.004
4.094e-05,0.092,0.004
4.096e-05,0.092,0.004
4.098e-05,0.088,0.004
4.1e-05,0.092,0.004
4.102e-05,0.092,0.004
4.104e-05,0.088,0.004
4.1059999999999997e-05,0.088,0.004
4.108e-05,0.084,0.004
4.1099999999999996e-05,0.088,0.004
4.112e-05,0.092,0.004
4.1139999999999996e-05,0.092,0.004
4.116e-05,0.084,0.004
4.1179999999999995e-05,0.088,0.004
4.12e-05,0.092,0.004
4.122e-05,0.088,0.004
4.124e-05,0.092,0.004
4.126e-05,0.084,0.004
4.128e-05,0.088,0.004
4.13e-05,0.088,0.004
4.132e-05,0.088,0.004
4.134e-05,0.096,0.004
4.136e-05,0.084,0.004
4.138e-05,0.088,0.004
4.14e-05,0.096,0.004
4.142e-05,0.092,0.004
4.1439999999999996e-05,0.08,0.004
4.146e-05,0.084,0.004
4.1479999999999996e-05,0.088,0.004
4.15e-05,0.088,0.004
4.1519999999999995e-05,0.092,0.004
4.154e-05,0.088,0.004
4.156e-05,0.088,0.004
4.158e-05,0.084,0.004
4.16e-05,0.084,0.004
4.162e-05,0.084,0.004
4.164e-05,0.084,0.004
4.166e-05,0.088,0.004
4.168e-05,0.088,0.004
4.17e-05,0.084,0.004
4.172e-05,0.084,0.004
4.174e-05,0.084,0.004
4.176e-05,0.084,0.004
4.1779999999999996e-05,0.084,0.004
4.18e-05,0.088,0.004
4.1819999999999996e-05,0.084,0.004
4.184e-05,0.084,0.004
4.1859999999999996e-05,0.088,0.004
4.188e-05,0.08,0.004
4.19e-05,0.084,0.004
4.192e-05,0.092,0.004
4.194e-05,0.088,0.004
4.196e-05,0.088,0.004
4.198e-05,0.076,0.004
4.2e-05,0.084,0.004
4.202e-05,0.076,0.004
4.204e-05,0.084,0.004
4.206e-05,0.088,0.004
4.208e-05,0.08,0.004
4.21e-05,0.084,0.004
4.2119999999999997e-05,0.084,0.004
4.214e-05,0.084,0.004
4.2159999999999996e-05,0.08,0.004
4.218e-05,0.084,0.004
4.2199999999999996e-05,0.08,0.004
4.222e-05,0.084,0.004
4.2239999999999995e-05,0.08,0.004
4.226e-05,0.08,0.004
4.228e-05,0.08,0.004
4.23e-05,0.08,0.004
4.232e-05,0.08,0.004
4.234e-05,0.076,0.004
4.236e-05,0.08,0.004
4.238e-05,0.08,0.004
4.24e-05,0.08,0.004
4.242e-05,0.088,0.004
4.244e-05,0.084,0.004
4.246e-05,0.084,0.004
4.248e-05,0.08,0.004
4.2499999999999996e-05,0.08,0.004
4.252e-05,0.084,0.004
4.2539999999999996e-05,0.08,0.004
4.256e-05,0.08,0.004
4.2579999999999996e-05,0.076,0.004
4.26e-05,0.084,0.004
4.262e-05,0.084,0.004
4.264e-05,0.08,0.004
4.266e-05,0.08,0.004
4.268e-05,0.08,0.004
4.27e-05,0.088,0.004
4.272e-05,0.08,0.004
4.274e-05,0.08,0.004
4.276e-05,0.08,0.004
4.278e-05,0.08,0.004
4.28e-05,0.08,0.004
4.282e-05,0.084,0.004
4.2839999999999996e-05,0.084,0.004
4.286e-05,0.076,0.004
4.2879999999999996e-05,0.084,0.004
4.29e-05,0.084,0.004
4.2919999999999996e-05,0.084,0.004
4.294e-05,0.076,0.004
4.296e-05,0.08,0.004
4.298e-05,0.08,0.004
4.3e-05,0.084,0.004
4.302e-05,0.08,0.004
4.304e-05,0.076,0.004
4.306e-05,0.08,0.004
4.308e-05,0.07200000000000001,0.004
4.31e-05,0.08,0.004
4.312e-05,0.08,0.004
4.314e-05,0.076,0.004
4.316e-05,0.08,0.004
4.3179999999999997e-05,0.084,0.004
4.32e-05,0.084,0.004
4.3219999999999996e-05,0.084,0.004
4.324e-05,0.08,0.004
4.3259999999999996e-05,0.084,0.004
4.328e-05,0.08,0.004
4.3299999999999995e-05,0.08,0.004
4.332e-05,0.084,0.004
4.334e-05,0.07200000000000001,0.004
4.336e-05,0.084,0.004
4.338e-05,0.084,0.004
4.34e-05,0.084,0.004
4.342e-05,0.08,0.004
4.344e-05,0.08,0.004
4.346e-05,0.084,0.004
4.348e-05,0.084,0.004
4.35e-05,0.08,0.004
4.352e-05,0.08,0.004
4.354e-05,0.084,0.004
4.3559999999999996e-05,0.084,0.004
4.358e-05,0.08,0.004
4.3599999999999996e-05,0.084,0.004
4.362e-05,0.076,0.004
4.3639999999999996e-05,0.088,0.004
4.366e-05,0.08,0.004
4.368e-05,0.084,0.004
4.37e-05,0.08,0.004
4.372e-05,0.08,0.004
4.374e-05,0.08,0.004
4.376e-05,0.084,0.004
4.378e-05,0.084,0.004
4.38e-05,0.084,0.004
4.382e-05,0.084,0.004
4.384e-05,0.084,0.004
4.386e-05,0.08,0.004
4.388e-05,0.08,0.004
4.3899999999999996e-05,0.088,0.004
4.392e-05,0.088,0.004
4.3939999999999996e-05,0.088,0.004
4.396e-05,0.084,0.004
4.3979999999999996e-05,0.084,0.004
4.4e-05,0.084,0.004
4.402e-05,0.084,0.004
4.404e-05,0.08,0.004
4.406e-05,0.084,0.004
4.408e-05,0.088,0.004
4.41e-05,0.084,0.004
4.412e-05,0.084,0.004
4.414e-05,0.084,0.004
4.416e-05,0.084,0.004
4.418e-05,0.084,0.004
4.42e-05,0.084,0.004
4.422e-05,0.088,0.004
4.4239999999999997e-05,0.088,0.004
4.426e-05,0.084,0.004
4.4279999999999996e-05,0.084,0.004
4.43e-05,0.092,0.004
4.4319999999999996e-05,0.08,0.004
4.434e-05,0.088,0.004
4.4359999999999995e-05,0.084,0.004
4.438e-05,0.084,0.004
4.44e-05,0.084,0.004
4.442e-05,0.084,0.004
4.444e-05,0.092,0.004
4.446e-05,0.088,0.004
4.448e-05,0.088,0.004
4.45e-05,0.088,0.004
4.452e-05,0.088,0.004
4.454e-05,0.084,0.004
4.456e-05,0.088,0.004
4.458e-05,0.088,0.004
4.46e-05,0.092,0.004
4.4619999999999996e-05,0.088,0.004
4.464e-05,0.096,0.004
4.4659999999999996e-05,0.092,0.004
4.468e-05,0.096,0.004
4.4699999999999996e-05,0.092,0.004
4.472e-05,0.084,0.004
4.474e-05,0.088,0.004
4.476e-05,0.092,0.004
4.478e-05,0.092,0.004
4.48e-05,0.096,0.004
4.482e-05,0.092,0.004
4.484e-05,0.092,0.004
4.486e-05,0.092,0.004
4.488e-05,0.096,0.004
4.49e-05,0.092,0.004
4.492e-05,0.096,0.004
4.494e-05,0.092,0.004
4.4959999999999996e-05,0.092,0.004
4.498e-05,0.1,0.004
4.4999999999999996e-05,0.1,0.004
4.502e-05,0.088,0.004
4.5039999999999996e-05,0.092,0.004
4.506e-05,0.092,0.004
4.508e-05,0.096,0.004
4.51e-05,0.10400000000000001,0.004
4.512e-05,0.092,0.004
4.514e-05,0.096,0.004
4.516e-05,0.1,0.004
4.518e-05,0.096,0.004
4.52e-05,0.1,0.004
4.522e-05,0.092,0.004
4.524e-05,0.10400000000000001,0.004
4.526e-05,0.1,0.004
4.528e-05,0.1,0.004
4.5299999999999997e-05,0.1,0.004
4.532e-05,0.092,0.004
4.5339999999999996e-05,0.1,0.004
4.536e-05,0.10400000000000001,0.004
4.5379999999999996e-05,0.10400000000000001,0.004
4.54e-05,0.096,0.004
4.5419999999999995e-05,0.10400000000000001,0.004
4.544e-05,0.10400000000000001,0.004
4.546e-05,0.108,0.004
4.548e-05,0.10400000000000001,0.004
4.55e-05,0.10400000000000001,0.004
4.552e-05,0.112,0.004
4.554e-05,0.108,0.004
4.556e-05,0.10400000000000001,0.004
4.558e-05,0.108,0.004
4.56e-05,0.10400000000000001,0.004
4.562e-05,0.108,0.004
4.564e-05,0.108,0.004
4.566e-05,0.108,0.004
4.5679999999999996e-05,0.10400000000000001,0.004
4.57e-05,0.108,0.004
4.5719999999999996e-05,0.108,0.004
4.574e-05,0.112,0.004
4.5759999999999996e-05,0.108,0.004
4.578e-05,0.108,0.004
4.58e-05,0.112,0.004
4.582e-05,0.112,0.004
4.584e-05,0.112,0.004
4.586e-05,0.112,0.004
4.588e-05,0.112,0.004
4.59e-05,0.112,0.004
4.592e-05,0.116,0.004
4.594e-05,0.112,0.004
4.596e-05,0.112,0.004
4.598e-05,0.108,0.004
4.6e-05,0.116,0.004
4.6019999999999996e-05,0.112,0.004
4.604e-05,0.112,0.004
4.6059999999999996e-05,0.116,0.004
4.608e-05,0.112,0.004
4.6099999999999996e-05,0.116,0.004
4.612e-05,0.116,0.004
4.614e-05,0.112,0.004
4.616e-05,0.112,0.004
4.618e-05,0.116,0.004
4.62e-05,0.112,0.004
4.622e-05,0.112,0.004
4.624e-05,0.116,0.004
4.626e-05,0.112,0.004
4.628e-05,0.12,0.004
4.63e-05,0.112,0.004
4.632e-05,0.12,0.004
4.634e-05,0.116,0.004
4.6359999999999997e-05,0.116,0.004
4.638e-05,0.12,0.004
4.6399999999999996e-05,0.116,0.004
4.642e-05,0.12,0.004
4.6439999999999996e-05,0.116,0.004
4.646e-05,0.124,0.004
4.6479999999999995e-05,0.12,0.004
4.65e-05,0.12,0.004
4.652e-05,0.124,0.004
4.654e-05,0.116,0.004
4.656e-05,0.124,0.004
4.658e-05,0.12,0.004
4.66e-05,0.12,0.004
4.662e-05,0.12,0.004
4.664e-05,0.12,0.004
4.666e-05,0.124,0.004
4.668e-05,0.124,0.004
4.67e-05,0.12,0.004
4.672e-05,0.12,0.004
4.6739999999999996e-05,0.12,0.004
4.676e-05,0.124,0.004
4.6779999999999996e-05,0.12,0.004
4.68e-05,0.124,0.004
4.6819999999999996e-05,0.12,0.004
4.684e-05,0.124,0.004
4.686e-05,0.124,0.004
4.688e-05,0.12,0.004
4.69e-05,0.116,0.004
4.692e-05,0.12,0.004
4.694e-05,0.124,0.004
4.696e-05,0.12,0.004
4.698e-05,0.12,0.004
4.7e-05,0.12,0.004
4.702e-05,0.12,0.004
4.704e-05,0.12,0.004
4.706e-05,0.12,0.004
4.7079999999999996e-05,0.12,0.004
4.71e-05,0.116,0.004
4.7119999999999996e-05,0.12,0.004
4.714e-05,0.12,0.004
4.7159999999999996e-05,0.116,0.004
4.718e-05,0.12,0.004
4.72e-05,0.12,0.004
4.722e-05,0.124,0.004
4.724e-05,0.12,0.004
4.726e-05,0.12,0.004
4.728e-05,0.12,0.004
4.73e-05,0.116,0.004
4.732e-05,0.12,0.004
4.734e-05,0.12,0.004
4.736e-05,0.12,0.004
4.738e-05,0.116,0.004
