frame_idx,timestamp_s,intervalo_ms
0,36242.134390,
1,36242.164957,30.567130997951608
2,36242.200447,35.49077599745942
3,36242.232183,31.735756005218718
4,36242.264515,32.33179399830988
5,36242.300446,35.931263999373186
6,36242.331891,31.444788997760043
7,36242.364591,32.70023700315505
8,36242.400451,35.859288000210654
9,36242.432583,32.13274099834962
10,36242.464436,31.852444997639395
11,36242.500437,36.00092299893731
12,36242.532434,31.997237005271018
13,36242.564460,32.02574999886565
14,36242.600418,35.958273998403456
15,36242.632427,32.009440001274925
16,36242.663905,31.47737099789083
17,36242.700547,36.642468003265094
18,36242.732434,31.88644799956819
19,36242.764419,31.985073997930158
20,36242.800425,36.006244001328014
21,36242.832418,31.99333899829071
22,36242.864437,32.01914799865335
23,36242.900417,35.97949400136713
24,36242.931983,31.565586003125645
25,36242.964135,32.15283899771748
26,36243.000451,36.31535400199937
27,36243.032075,31.623785995179787
28,36243.064669,32.59408700250788
29,36243.100420,35.75102399918251
30,36243.132451,32.03115100041032
31,36243.164065,31.614056999387685
32,36243.200428,36.36313400056679
33,36243.232428,31.999621001887135
34,36243.264173,31.745633998070844
35,36243.300519,36.345270003948826
36,36243.332461,31.942513996909838
37,36243.364494,32.03341500193346
38,36243.400516,36.02135199616896
39,36243.432552,32.03608900366817
40,36243.464541,31.989161994715687
41,36243.500507,35.965898001450114
42,36243.531895,31.388394003442954
43,36243.564540,32.64430999843171
44,36243.600407,35.86725400236901
45,36243.632515,32.10816399951
46,36243.664573,32.057529999292456
47,36243.700443,35.87010799674317
48,36243.732495,32.05226999853039
49,36243.764586,32.09061300003668
50,36243.800449,35.86326500226278
51,36243.832493,32.04402400297113
52,36243.864603,32.10968799976399
53,36243.899972,35.36927799723344
54,36243.932492,32.519778003916144
55,36243.964560,32.06825899542309
56,36244.000448,35.888293001335114
57,36244.031987,31.5385959984269
58,36244.064591,32.604436004476156
59,36244.100408,35.81720899819629
60,36244.131880,31.47165999689605
61,36244.164526,32.64631500496762
62,36244.200134,35.60806699533714
63,36244.231981,31.846243000472896
64,36244.264070,32.08882800390711
65,36244.299884,35.81418300018413
66,36244.331990,32.10624199709855
67,36244.363930,31.940369997755624
68,36244.400069,36.138242001470644
69,36244.431879,31.810125001356937
70,36244.463922,32.04290199937532
71,36244.499865,35.94323599827476
72,36244.531875,32.01053200609749
73,36244.563924,32.04863299470162
74,36244.599903,35.9795030017267
75,36244.631863,31.959114996425342
76,36244.663931,32.06812000280479
77,36244.699865,35.93422900303267
78,36244.731893,32.027934001234826
79,36244.763922,32.029426998633426
80,36244.799955,36.03237299830653
81,36244.831925,31.9699550018413
82,36244.863899,31.974434001313057
83,36244.899847,35.94839499419322
84,36244.931929,32.08104499935871
85,36244.963922,31.993018004868645
86,36244.999948,36.026631998538505
87,36245.032041,32.09237499686424
88,36245.064447,32.40672600077232
89,36245.099963,35.51566300302511
90,36245.132575,32.61173999635503
91,36245.164420,31.84485100064194
92,36245.200431,36.01105200505117
93,36245.232517,32.086614999570884
94,36245.264538,32.02113099541748
95,36245.300046,35.507277003489435
96,36245.332078,32.032112998422235
97,36245.364540,32.462570001371205
98,36245.400050,35.510052999597974
99,36245.432659,32.60896499705268
100,36245.464505,31.846142999711446
101,36245.500435,35.92972000478767
102,36245.532214,31.77874600078212
103,36245.564484,32.27053999580676
104,36245.600432,35.94728300231509
105,36245.632503,32.07133599789813
106,36245.664483,31.980334002582822
107,36245.700491,36.0075569988112
108,36245.732553,32.06157699605683
109,36245.764268,31.715638004243374
110,36245.800502,36.233621001883876
111,36245.832513,32.01087199704489
112,36245.864035,31.52214500005357
113,36245.900145,36.11060899856966
114,36245.932122,31.976719001249876
115,36245.964427,32.305084001563955
116,36246.000453,36.02595099800965
117,36246.032092,31.63919500366319
118,36246.064503,32.41072200034978
119,36246.100449,35.94617199996719
120,36246.132147,31.697232996521052
121,36246.164110,31.96342299634125
122,36246.200427,36.31707800377626
123,36246.232182,31.754900999658275
124,36246.264510,32.328168003004976
125,36246.300443,35.93319699575659
126,36246.332481,32.037962999311276
127,36246.364403,31.92216600291431
128,36246.400431,36.02760400099214
129,36246.432467,32.03557799861301
130,36246.464495,32.02845600026194
131,36246.500162,35.66681600204902
132,36246.531878,31.71658000064781
133,36246.564627,32.748746998549905
134,36246.600425,35.7980429980671
135,36246.632508,32.083028003398795
136,36246.664537,32.02888599480502
137,36246.700463,35.92584300349699
138,36246.732414,31.95147099904716
139,36246.764124,31.7090559983626
140,36246.800410,36.286740003561135
141,36246.832408,31.997957994462922
142,36246.864490,32.08197600179119
143,36246.900442,35.9513910007081
144,36246.932438,31.99615400080802
145,36246.964496,32.058422002592124
146,36247.000213,35.71665999334073
147,36247.032445,32.23174700542586
148,36247.064488,32.04339299554704
149,36247.100504,36.01574200001778
150,36247.131960,31.455939999432303
151,36247.164114,32.15421200002311
152,36247.200574,36.46044600463938
153,36247.232537,31.96241099794861
154,36247.264184,31.64713000296615
155,36247.300547,36.3627729966538
156,36247.331969,31.422327003383543
157,36247.364500,32.5312689965358
158,36247.400515,36.01452000293648
159,36247.432427,31.91261799656786
160,36247.464113,31.685731999459676
161,36247.500544,36.430780004593544
162,36247.532417,31.87266299937619
163,36247.564516,32.0998690003762
164,36247.600585,36.06911200040486
165,36247.632497,31.911936996039003
166,36247.664575,32.077818003017455
167,36247.700567,35.99187600048026
168,36247.731896,31.328781995398458
169,36247.764655,32.758686000306625
170,36247.800517,35.86243400059175
171,36247.832423,31.906135998724494
172,36247.864489,32.06612600479275
173,36247.900426,35.936882995883934
174,36247.932417,31.991165000363253
175,36247.964527,32.109347004734445
176,36248.000082,35.5548869993072
177,36248.032512,32.430238999950234
178,36248.064485,31.97322199412156
179,36248.100447,35.962211004516575
180,36248.132469,32.021892999182455
181,36248.164606,32.137128997419495
182,36248.200483,35.87643000355456
183,36248.232483,32.00062399992021
184,36248.264497,32.01411700138124
185,36248.300461,35.963374000857584
186,36248.331910,31.449368994799443
187,36248.364626,32.71580499858828
188,36248.400512,35.886018005840015
189,36248.432498,31.986326997866854
190,36248.464536,32.03783299977658
191,36248.500060,35.524318998795934
192,36248.532515,32.454134001454804
193,36248.564531,32.0159920011065
194,36248.600430,35.89935299532954
195,36248.632457,32.02754400263075
196,36248.664463,32.00590200140141
197,36248.700451,35.98790999967605
198,36248.732501,32.04998600267572
199,36248.764504,32.002225998439826
200,36248.800492,35.9887209997396
201,36248.832491,31.99907000089297
202,36248.864441,31.949326999892946
203,36248.900490,36.04928399727214
204,36248.931960,31.469927002035547
205,36248.964419,32.45931399578694
206,36248.999935,35.51570400304627
207,36249.032061,32.1260880009504
208,36249.064183,32.12173999781953
209,36249.100482,36.29938499943819
210,36249.132487,32.00484000262804
211,36249.164515,32.028125002398156
212,36249.200489,35.974232996522915
213,36249.232527,32.038154000474606
214,36249.264507,31.979143001080956
215,36249.300425,35.918618996220175
216,36249.332516,32.09103300468996
217,36249.364493,31.976708000001963
218,36249.400502,36.008958995807916
219,36249.432546,32.04416399967158
220,36249.464493,31.94725399953313
221,36249.500703,36.20995600067545
222,36249.531905,31.20126200519735
223,36249.564477,32.572285999776796
224,36249.600490,36.012936994666234
225,36249.632519,32.02965699892957
226,36249.664534,32.01450900087366
227,36249.700456,35.92230700451182
228,36249.732123,31.666564995248336
229,36249.764512,32.38970399979735
230,36249.800513,36.00028300570557
231,36249.832573,32.060314995760564
232,36249.864560,31.987187001504935
233,36249.900597,36.03710199968191
234,36249.932528,31.930160002957564
235,36249.964503,31.97585699672345
236,36250.000496,35.99288900295505
237,36250.032130,31.633423997845966
238,36250.064502,32.372319998103194
239,36250.100400,35.89801100315526
240,36250.131911,31.510692999290768
241,36250.164450,32.538842999201734
242,36250.200423,35.97308199823601
243,36250.232171,31.74872000090545
244,36250.264505,32.333358001778834
245,36250.300537,36.03177199693164
246,36250.332424,31.887220000498928
247,36250.364499,32.075413000711706
248,36250.400442,35.942905000410974
249,36250.432527,32.084851001854986
250,36250.464494,31.967080001777504
251,36250.500489,35.995283993543126
252,36250.532183,31.693236000137404
253,36250.564525,32.342133003112394
254,36250.600505,35.98010499990778
255,36250.632510,32.00524199928623
256,36250.664099,31.589240999892354
257,36250.700508,36.40882999752648
258,36250.731891,31.38285300519783
259,36250.764501,32.6096860007965
260,36250.800512,36.01160399557557
261,36250.832504,31.9913359999191
262,36250.864502,31.998908998502884
263,36250.900146,35.64344300684752
264,36250.932506,32.36003799975151
265,36250.964160,31.65401299338555
266,36251.000544,36.38382200006163
267,36251.032515,31.971428004908375
268,36251.064515,32.000091996451374
269,36251.100548,36.032844000146724
270,36251.132147,31.599289999576285
271,36251.164070,31.922656002279837
272,36251.200496,36.425632002647035
273,36251.232518,32.02278399839997
274,36251.264517,31.99863999907393
275,36251.300030,35.51313799835043
276,36251.331882,31.852143998548854
277,36251.364113,32.23070500098402
278,36251.400510,36.396537005202845
279,36251.432524,32.01407799497247
280,36251.464123,31.599399000697304
281,36251.500472,36.34910700202454
282,36251.531960,31.487861000641715
283,36251.564025,32.06502399552846
284,36251.600400,36.37511600391008
285,36251.632513,32.113034001667984
286,36251.664533,32.01930899376748
287,36251.700443,35.91074400173966
288,36251.732493,32.049904999439605
289,36251.764436,31.943206005962566
290,36251.800470,36.03377499530325
291,36251.832441,31.97054599877447
292,36251.864439,31.997919002606068
