frame,t_s,xc_px,yc_px,xc_mm,yc_mm,seguido,area_px
0,0.03524,960.014,609.162,182.2302,115.6314,1,484
1,0.07049,959.883,609.102,182.2053,115.6201,1,481
2,0.10573,959.699,608.996,182.1704,115.5999,1,488
3,0.14098,959.505,609.036,182.1336,115.6075,1,476
4,0.17622,959.371,608.992,182.1081,115.5990,1,471
5,0.21147,958.975,608.979,182.0331,115.5966,1,462
6,0.24671,958.686,608.806,181.9781,115.5638,1,443
7,0.28195,958.137,608.394,181.8739,115.4856,1,476
8,0.31720,957.410,608.213,181.7359,115.4512,1,484
9,0.35244,957.162,607.603,181.6889,115.3354,1,464
10,0.38769,956.539,607.561,181.5705,115.3276,1,472
11,0.42293,956.479,607.220,181.5592,115.2627,1,495
12,0.45818,956.356,607.268,181.5359,115.2718,1,492
13,0.49342,956.327,606.991,181.5304,115.2193,1,464
14,0.52866,956.250,607.259,181.5158,115.2702,1,472
15,0.56391,956.036,607.102,181.4752,115.2403,1,459
16,0.59915,955.678,607.140,181.4071,115.2476,1,452
17,0.63440,955.084,606.999,181.2945,115.2209,1,472
18,0.66964,954.675,606.706,181.2169,115.1652,1,460
19,0.70489,954.134,606.287,181.1140,115.0856,1,504
20,0.74013,953.663,605.842,181.0246,115.0012,1,479
21,0.77537,953.311,605.387,180.9580,114.9148,1,473
22,0.81062,952.956,605.254,180.8905,114.8896,1,444
23,0.84586,952.977,604.974,180.8944,114.8365,1,464
24,0.88111,952.803,605.091,180.8614,114.8586,1,478
25,0.91635,952.804,605.004,180.8616,114.8421,1,480
26,0.95160,952.706,605.153,180.8430,114.8703,1,459
27,0.98684,952.480,604.946,180.8001,114.8311,1,492
28,1.02208,952.196,605.074,180.7463,114.8555,1,490
29,1.05733,951.784,604.649,180.6680,114.7747,1,476
30,1.09257,951.383,604.248,180.5920,114.6987,1,490
31,1.12782,950.748,603.897,180.4713,114.6320,1,497
32,1.16306,950.542,603.352,180.4323,114.5285,1,453
33,1.19831,950.323,603.177,180.3907,114.4953,1,436
34,1.23355,950.143,602.780,180.3566,114.4199,1,469
35,1.26879,950.322,602.870,180.3905,114.4370,1,473
36,1.30404,950.163,602.734,180.3602,114.4112,1,474
37,1.33928,949.998,602.867,180.3290,114.4365,1,464
38,1.37453,949.920,602.910,180.3141,114.4446,1,432
39,1.40977,949.517,602.749,180.2378,114.4140,1,460
40,1.44502,949.291,602.536,180.1949,114.3736,1,459
41,1.48026,948.848,602.359,180.1107,114.3400,1,455
42,1.51550,948.323,601.962,180.0110,114.2648,1,469
43,1.55075,948.170,601.833,179.9820,114.2402,1,487
44,1.58599,947.476,601.423,179.8503,114.1624,1,491
45,1.62124,947.858,601.178,179.9229,114.1158,1,492
46,1.65648,947.223,600.767,179.8023,114.0379,1,469
47,1.69173,947.523,600.856,179.8591,114.0547,1,479
48,1.72697,947.145,600.534,179.7875,113.9936,1,467
49,1.76221,947.294,600.702,179.8157,114.0256,1,472
50,1.79746,946.925,600.667,179.7457,114.0189,1,468
51,1.83270,946.739,600.570,179.7103,114.0004,1,452
52,1.86795,946.580,600.437,179.6802,113.9752,1,474
53,1.90319,946.082,600.087,179.5857,113.9088,1,485
54,1.93844,945.916,599.859,179.5541,113.8654,1,478
55,1.97368,945.345,599.300,179.4457,113.7594,1,468
56,2.00892,945.187,599.200,179.4158,113.7403,1,498
57,2.04417,944.713,598.787,179.3259,113.6620,1,499
58,2.07941,944.918,598.717,179.3647,113.6488,1,483
59,2.11466,944.743,598.497,179.3315,113.6070,1,476
60,2.14990,944.897,598.565,179.3608,113.6198,1,494
61,2.18515,944.531,598.615,179.2912,113.6294,1,467
62,2.22039,944.621,598.529,179.3084,113.6131,1,481
63,2.25563,944.020,598.490,179.1943,113.6057,1,489
64,2.29088,943.875,598.193,179.1667,113.5493,1,476
65,2.32612,943.363,597.708,179.0695,113.4573,1,471
66,2.36137,943.026,597.343,179.0056,113.3879,1,483
67,2.39661,942.689,596.978,178.9416,113.3187,1,494
68,2.43186,942.551,596.751,178.9154,113.2755,1,481
69,2.46710,942.368,596.580,178.8807,113.2431,1,480
70,2.50234,942.361,596.445,178.8794,113.2175,1,476
71,2.53759,942.153,596.452,178.8399,113.2188,1,479
72,2.57283,942.349,596.056,178.8771,113.1435,1,488
73,2.60808,942.029,596.211,178.8163,113.1731,1,475
74,2.64332,941.867,595.863,178.7856,113.1069,1,485
75,2.67857,941.618,595.606,178.7383,113.0582,1,472
76,2.71381,940.927,595.347,178.6072,113.0089,1,483
77,2.74905,940.737,594.780,178.5710,112.9013,1,479
78,2.78430,940.185,594.563,178.4663,112.8601,1,476
79,2.81954,939.840,593.936,178.4008,112.7411,1,452
80,2.85479,939.646,593.872,178.3639,112.7291,1,477
81,2.89003,939.651,593.730,178.3650,112.7020,1,468
82,2.92528,939.642,593.511,178.3632,112.6604,1,484
83,2.96052,939.755,593.529,178.3847,112.6639,1,514
84,2.99576,939.509,593.321,178.3380,112.6244,1,466
85,3.03101,939.105,593.093,178.2613,112.5811,1,453
86,3.06625,938.873,592.961,178.2172,112.5561,1,476
87,3.10150,938.304,592.513,178.1092,112.4710,1,479
88,3.13674,938.052,592.116,178.0615,112.3958,1,480
89,3.17199,937.744,591.590,178.0029,112.2959,1,468
90,3.20723,937.445,591.088,177.9462,112.2006,1,469
91,3.24247,937.360,590.901,177.9301,112.1651,1,458
92,3.27772,937.260,590.624,177.9110,112.1124,1,478
93,3.31296,937.043,590.520,177.8699,112.0927,1,477
94,3.34821,937.040,590.375,177.8694,112.0653,1,465
95,3.38345,936.783,590.394,177.8205,112.0688,1,463
96,3.41870,936.455,590.232,177.7582,112.0381,1,503
97,3.45394,936.320,589.901,177.7326,111.9753,1,481
98,3.48918,935.703,589.524,177.6155,111.9037,1,483
99,3.52443,935.615,588.851,177.5989,111.7760,1,502
100,3.55967,935.066,588.467,177.4946,111.7031,1,476
101,3.59492,935.047,588.028,177.4911,111.6198,1,452
102,3.63016,934.669,587.640,177.4193,111.5461,1,468
103,3.66541,934.532,587.673,177.3933,111.5524,1,515
104,3.70065,934.501,587.154,177.3873,111.4538,1,494
105,3.73589,934.430,587.274,177.3738,111.4766,1,492
106,3.77114,934.297,586.929,177.3487,111.4110,1,496
107,3.80638,934.486,586.716,177.3845,111.3706,1,475
108,3.84163,933.921,586.671,177.2773,111.3621,1,467
109,3.87687,933.805,586.299,177.2553,111.2915,1,491
110,3.91211,933.319,585.946,177.1630,111.2245,1,479
111,3.94736,932.831,585.681,177.0703,111.1743,1,492
112,3.98260,932.704,584.927,177.0463,111.0311,1,495
113,4.01785,932.481,584.874,177.0039,111.0210,1,496
114,4.05309,932.443,584.425,176.9968,110.9358,1,471
115,4.08834,932.506,584.160,177.0088,110.8855,1,491
116,4.12358,932.305,583.910,176.9706,110.8380,1,487
117,4.15882,932.299,583.727,176.9695,110.8032,1,490
118,4.19407,932.106,583.397,176.9328,110.7407,1,482
119,4.22931,932.091,583.344,176.9299,110.7306,1,483
120,4.26456,931.777,583.149,176.8704,110.6937,1,490
121,4.29980,931.498,582.769,176.8174,110.6214,1,477
122,4.33505,931.035,582.466,176.7295,110.5639,1,506
123,4.37029,930.857,581.986,176.6956,110.4727,1,491
124,4.40553,930.418,581.416,176.6123,110.3646,1,487
125,4.44078,930.598,581.088,176.6465,110.3023,1,503
126,4.47602,930.350,580.856,176.5995,110.2583,1,484
127,4.51127,930.358,580.528,176.6010,110.1961,1,480
128,4.54651,930.400,580.529,176.6089,110.1962,1,494
129,4.58176,930.223,580.283,176.5752,110.1496,1,472
130,4.61700,930.117,580.025,176.5552,110.1006,1,484
131,4.65224,929.730,579.879,176.4816,110.0729,1,483
132,4.68749,929.626,579.497,176.4619,110.0004,1,487
133,4.72273,929.157,579.270,176.3729,109.9573,1,487
134,4.75798,929.067,578.777,176.3559,109.8637,1,476
135,4.79322,928.782,578.376,176.3018,109.7876,1,477
136,4.82847,928.675,577.991,176.2815,109.7145,1,514
137,4.86371,928.601,577.483,176.2675,109.6181,1,491
138,4.89895,928.534,577.449,176.2546,109.6116,1,500
139,4.93420,928.665,577.242,176.2795,109.5722,1,512
140,4.96944,928.387,576.991,176.2267,109.5248,1,504
141,5.00469,928.468,576.895,176.2422,109.5064,1,522
142,5.03993,928.032,576.488,176.1593,109.4293,1,494
143,5.07518,927.899,576.251,176.1342,109.3843,1,493
144,5.11042,927.427,575.948,176.0446,109.3267,1,506
145,5.14566,927.317,575.473,176.0238,109.2365,1,514
146,5.18091,926.777,575.180,175.9211,109.1809,1,514
147,5.21615,926.654,574.667,175.8979,109.0835,1,487
148,5.25140,926.432,574.060,175.8557,108.9683,1,490
149,5.28664,926.368,573.920,175.8435,108.9417,1,489
150,5.32189,926.401,573.376,175.8498,108.8385,1,488
151,5.35713,926.498,573.632,175.8683,108.8871,1,488
152,5.39237,926.462,573.207,175.8615,108.8063,1,496
153,5.42762,926.150,573.358,175.8022,108.8351,1,528
154,5.46286,925.756,572.774,175.7274,108.7243,1,503
155,5.49811,925.338,572.272,175.6481,108.6290,1,505
156,5.53335,924.718,571.923,175.5303,108.5627,1,500
157,5.56860,924.424,571.356,175.4746,108.4551,1,469
158,5.60384,924.309,571.005,175.4528,108.3883,1,495
159,5.63908,924.145,570.658,175.4216,108.3225,1,505
160,5.67433,924.240,570.312,175.4396,108.2568,1,497
161,5.70957,924.314,570.008,175.4537,108.1991,1,512
162,5.74482,924.486,569.811,175.4864,108.1617,1,501
163,5.78006,924.286,569.809,175.4484,108.1614,1,512
164,5.81531,924.615,569.468,175.5107,108.0966,1,507
165,5.85055,924.070,569.589,175.4074,108.1197,1,478
166,5.88579,924.140,569.033,175.4206,108.0141,1,476
167,5.92104,923.570,568.936,175.3124,107.9957,1,510
168,5.95628,923.511,568.353,175.3013,107.8849,1,499
169,5.99153,923.015,568.012,175.2070,107.8203,1,513
170,6.02677,923.109,567.429,175.2249,107.7096,1,518
171,6.06202,922.892,567.236,175.1837,107.6729,1,489
172,6.09726,922.955,566.871,175.1956,107.6038,1,492
173,6.13250,923.142,566.935,175.2312,107.6159,1,502
174,6.16775,923.141,566.827,175.2309,107.5954,1,502
175,6.20299,923.269,566.782,175.2553,107.5868,1,500
176,6.23824,923.303,566.761,175.2618,107.5828,1,476
177,6.27348,923.184,566.429,175.2392,107.5197,1,510
178,6.30873,923.007,566.597,175.2055,107.5516,1,518
179,6.34397,922.857,566.226,175.1772,107.4813,1,512
180,6.37921,922.543,566.381,175.1175,107.5107,1,514
181,6.41446,922.415,566.128,175.0931,107.4627,1,506
182,6.44970,922.199,565.796,175.0523,107.3996,1,501
183,6.48495,921.866,565.503,174.9890,107.3441,1,518
184,6.52019,921.665,565.086,174.9509,107.2648,1,492
185,6.55544,921.245,564.779,174.8710,107.2066,1,491
186,6.59068,921.218,564.772,174.8659,107.2052,1,503
187,6.62592,920.927,564.648,174.8107,107.1818,1,506
188,6.66117,921.066,564.644,174.8370,107.1810,1,520
189,6.69641,920.706,564.574,174.7687,107.1677,1,498
190,6.73166,920.562,564.599,174.7415,107.1725,1,495
191,6.76690,920.336,564.417,174.6986,107.1379,1,488
192,6.80215,920.030,564.472,174.6405,107.1484,1,494
193,6.83739,919.790,564.290,174.5950,107.1137,1,517
194,6.87263,919.378,564.136,174.5167,107.0846,1,516
195,6.90788,918.902,563.872,174.4264,107.0345,1,490
196,6.94312,918.457,563.591,174.3419,106.9810,1,498
197,6.97837,917.888,563.310,174.2339,106.9278,1,520
198,7.01361,917.381,562.879,174.1377,106.8460,1,504
199,7.04886,917.070,562.668,174.0786,106.8058,1,509
200,7.08410,916.489,562.523,173.9684,106.7784,1,515
201,7.11934,916.298,562.078,173.9320,106.6940,1,486
202,7.15459,915.964,562.177,173.8687,106.7127,1,499
203,7.18983,915.567,561.753,173.7933,106.6321,1,518
204,7.22508,915.228,561.809,173.7290,106.6429,1,507
205,7.26032,914.914,561.479,173.6694,106.5801,1,514
206,7.29557,914.526,561.698,173.5958,106.6218,1,507
207,7.33081,914.045,561.103,173.5043,106.5089,1,491
208,7.36605,913.677,561.062,173.4345,106.5011,1,502
209,7.40130,912.982,560.410,173.3026,106.3773,1,485
210,7.43654,912.574,560.010,173.2251,106.3014,1,472
211,7.47179,911.762,559.512,173.0711,106.2067,1,525
212,7.50703,911.409,559.222,173.0040,106.1517,1,504
213,7.54228,910.609,558.939,172.8522,106.0980,1,493
214,7.57752,910.371,558.536,172.8071,106.0214,1,505
215,7.61276,909.973,558.269,172.7315,105.9709,1,498
216,7.64801,909.858,557.920,172.7096,105.9045,1,511
217,7.68325,909.461,557.768,172.6342,105.8757,1,512
218,7.71850,909.304,557.356,172.6045,105.7976,1,500
219,7.75374,908.801,557.290,172.5090,105.7850,1,514
220,7.78899,908.424,556.786,172.4374,105.6894,1,482
221,7.82423,907.906,556.247,172.3390,105.5871,1,485
222,7.85947,907.349,556.001,172.2333,105.5404,1,498
223,7.89472,906.780,555.478,172.1254,105.4410,1,525
224,7.92996,906.335,555.150,172.0408,105.3789,1,499
225,7.96521,906.029,555.000,171.9828,105.3503,1,511
226,8.00045,905.642,554.409,171.9094,105.2382,1,517
227,8.03570,905.240,554.153,171.8331,105.1896,1,505
228,8.07094,904.775,553.546,171.7448,105.0744,1,523
229,8.10618,904.315,552.981,171.6575,104.9671,1,526
230,8.14143,903.886,552.752,171.5760,104.9236,1,496
231,8.17667,903.479,552.103,171.4987,104.8004,1,490
232,8.21192,903.014,551.920,171.4105,104.7657,1,522
233,8.24716,902.799,551.543,171.3698,104.6941,1,510
234,8.28241,902.292,551.278,171.2735,104.6438,1,506
235,8.31765,902.131,550.997,171.2429,104.5905,1,523
236,8.35289,901.527,550.547,171.1283,104.5051,1,533
237,8.38814,901.035,550.214,171.0349,104.4419,1,505
238,8.42338,900.223,549.547,170.8807,104.3152,1,531
239,8.45863,899.611,549.021,170.7645,104.2154,1,516
240,8.49387,898.913,548.248,170.6320,104.0686,1,525
241,8.52912,898.348,547.658,170.5247,103.9567,1,532
242,8.56436,897.821,546.795,170.4248,103.7929,1,521
243,8.59960,897.336,546.279,170.3326,103.6949,1,515
244,8.63485,896.709,545.663,170.2137,103.5781,1,521
245,8.67009,896.399,545.093,170.1549,103.4698,1,523
246,8.70534,895.562,544.340,169.9959,103.3268,1,522
247,8.74058,895.173,543.801,169.9220,103.2245,1,536
248,8.77583,894.558,542.846,169.8054,103.0433,1,516
249,8.81107,893.971,542.303,169.6939,102.9402,1,517
250,8.84631,893.447,541.467,169.5944,102.7815,1,516
251,8.88156,892.919,540.600,169.4942,102.6170,1,520
252,8.91680,892.288,539.530,169.3744,102.4139,1,517
253,8.95205,891.385,538.396,169.2030,102.1986,1,527
254,8.98729,891.005,536.922,169.1309,101.9187,1,536
255,9.02254,890.085,535.875,168.9563,101.7200,1,517
256,9.05778,889.466,534.375,168.8387,101.4353,1,526
257,9.09302,889.287,533.159,168.8048,101.2045,1,547
258,9.12827,888.431,531.643,168.6423,100.9167,1,527
259,9.16351,888.465,530.161,168.6488,100.6353,1,534
260,9.19876,887.886,528.547,168.5389,100.3289,1,534
261,9.23400,887.665,527.128,168.4970,100.0597,1,531
262,9.26925,887.448,525.289,168.4557,99.7105,1,516
263,9.30449,887.297,524.031,168.4270,99.4717,1,535
264,9.33973,887.059,522.088,168.3820,99.1030,1,526
265,9.37498,886.985,520.573,168.3678,98.8153,1,520
266,9.41022,886.950,519.006,168.3612,98.5179,1,513
267,9.44547,886.779,516.926,168.3287,98.1231,1,511
268,9.48071,887.116,515.229,168.3927,97.8009,1,545
269,9.51596,887.132,513.108,168.3958,97.3984,1,518
270,9.55120,887.304,511.089,168.4285,97.0152,1,511
271,9.58644,888.021,509.130,168.5646,96.6432,1,529
272,9.62169,888.073,507.113,168.5744,96.2603,1,510
273,9.65693,889.258,505.329,168.7993,95.9218,1,527
274,9.69218,889.898,503.176,168.9208,95.5131,1,511
275,9.72742,890.960,501.634,169.1224,95.2204,1,510
276,9.76267,892.058,499.642,169.3309,94.8422,1,500
277,9.79791,893.250,497.887,169.5571,94.5091,1,520
278,9.83315,894.156,496.007,169.7291,94.1523,1,511
279,9.86840,895.589,494.076,170.0010,93.7857,1,512
280,9.90364,896.618,492.201,170.1964,93.4297,1,512
281,9.93889,898.022,490.371,170.4628,93.0824,1,527
282,9.97413,899.652,488.521,170.7724,92.7313,1,544
283,10.00938,901.339,486.816,171.0925,92.4076,1,528
284,10.04462,903.412,485.058,171.4860,92.0738,1,493
285,10.07986,905.389,483.552,171.8614,91.7881,1,523
286,10.11511,907.742,481.944,172.3080,91.4828,1,512
287,10.15035,910.106,481.087,172.7567,91.3202,1,518
288,10.18560,912.505,479.481,173.2121,91.0152,1,508
289,10.22084,915.547,478.970,173.7895,90.9184,1,508
290,10.25609,917.774,478.039,174.2123,90.7416,1,523
291,10.29133,920.828,477.274,174.7920,90.5963,1,504
292,10.32657,923.483,477.022,175.2959,90.5485,1,522
293,10.36182,926.253,476.645,175.8218,90.4769,1,511
294,10.39706,929.158,476.737,176.3731,90.4944,1,500
295,10.43231,932.046,476.980,176.9214,90.5405,1,515
296,10.46755,934.983,477.565,177.4789,90.6517,1,524
297,10.50280,937.902,478.178,178.0329,90.7680,1,503
298,10.53804,940.931,479.497,178.6079,91.0183,1,524
299,10.57328,943.863,480.669,179.1644,91.2409,1,503
300,10.60853,946.509,482.628,179.6668,91.6127,1,500
301,10.64377,949.408,484.811,180.2171,92.0270,1,512
302,10.67902,951.850,487.422,180.6806,92.5226,1,524
303,10.71426,954.171,490.525,181.1212,93.1117,1,511
304,10.74951,956.135,494.127,181.4940,93.7954,1,531
305,10.78475,957.425,497.646,181.7388,94.4633,1,516
306,10.81999,958.149,502.002,181.8762,95.2902,1,493
307,10.85524,957.915,505.834,181.8317,96.0176,1,501
308,10.89048,957.127,510.049,181.6823,96.8176,1,515
309,10.92573,955.282,513.491,181.3321,97.4710,1,516
310,10.96097,952.869,516.757,180.8739,98.0909,1,522
311,10.99622,949.707,518.819,180.2737,98.4825,1,532
312,11.03146,946.032,520.060,179.5762,98.7181,1,500
313,11.06670,942.324,520.290,178.8724,98.7618,1,495
314,11.10195,938.665,519.105,178.1779,98.5366,1,523
315,11.13719,936.040,517.355,177.6795,98.2046,1,504
316,11.17244,933.920,514.847,177.2771,97.7284,1,518
317,11.20768,933.315,512.443,177.1623,97.2721,1,543
318,11.24292,933.264,510.405,177.1526,96.8853,1,515
319,11.27817,934.031,509.119,177.2982,96.6412,1,526
320,11.31341,935.118,508.603,177.5046,96.5432,1,523
321,11.34866,935.637,508.481,177.6031,96.5200,1,516
322,11.38390,936.188,508.939,177.7077,96.6071,1,506
323,11.41915,935.977,509.308,177.6675,96.6770,1,528
324,11.45439,935.281,509.584,177.5353,96.7295,1,505
325,11.48963,934.685,509.784,177.4222,96.7674,1,522
326,11.52488,933.909,509.149,177.2750,96.6469,1,497
327,11.56012,933.109,508.514,177.1231,96.5263,1,510
328,11.59537,932.916,507.719,177.0865,96.3755,1,524
329,11.63061,932.563,506.648,177.0195,96.1721,1,514
330,11.66586,932.801,506.215,177.0646,96.0899,1,504
331,11.70110,932.702,505.630,177.0458,95.9789,1,508
332,11.73634,933.211,505.365,177.1424,95.9286,1,499
333,11.77159,933.034,505.303,177.1089,95.9168,1,516
334,11.80683,933.142,505.176,177.1295,95.8927,1,512
335,11.84208,933.048,505.150,177.1115,95.8878,1,506
336,11.87732,932.449,505.240,176.9979,95.9050,1,508
337,11.91257,932.442,504.787,176.9966,95.8188,1,492
338,11.94781,931.811,504.770,176.8768,95.8156,1,502
339,11.98305,931.228,504.109,176.7661,95.6902,1,514
340,12.01830,930.906,503.753,176.7049,95.6226,1,504
341,12.05354,930.017,503.097,176.5362,95.4981,1,519
342,12.08879,929.768,502.473,176.4889,95.3796,1,501
343,12.12403,929.270,501.695,176.3944,95.2320,1,488
344,12.15928,928.902,500.669,176.3245,95.0371,1,491
345,12.19452,928.645,499.925,176.2758,94.8959,1,501
346,12.22976,928.060,498.807,176.1648,94.6837,1,506
347,12.26501,927.752,497.995,176.1062,94.5296,1,524
348,12.30025,927.341,497.104,176.0282,94.3604,1,498
349,12.33550,926.831,496.230,175.9314,94.1946,1,510
350,12.37074,926.746,495.334,175.9154,94.0244,1,518
351,12.40599,926.090,494.351,175.7908,93.8378,1,506
352,12.44123,926.006,493.273,175.7749,93.6333,1,528
353,12.47647,925.503,492.075,175.6794,93.4060,1,513
354,12.51172,925.240,490.704,175.6294,93.1456,1,525
355,12.54696,925.066,489.235,175.5965,92.8668,1,509
356,12.58221,924.898,487.531,175.5646,92.5433,1,502
357,12.61745,924.867,485.709,175.5587,92.1975,1,514
358,12.65270,925.001,483.914,175.5841,91.8568,1,524
359,12.68794,925.164,481.902,175.6150,91.4749,1,511
360,12.72318,925.597,479.966,175.6972,91.1073,1,528
361,12.75843,926.023,477.941,175.7780,90.7229,1,503
362,12.79367,926.472,475.943,175.8633,90.3437,1,509
363,12.82892,927.429,474.130,176.0449,89.9995,1,521
364,12.86416,928.140,472.234,176.1799,89.6397,1,508
365,12.89941,929.155,470.453,176.3726,89.3015,1,533
366,12.93465,930.282,468.909,176.5866,89.0085,1,507
367,12.96989,931.198,467.108,176.7603,88.6667,1,507
368,13.00514,932.593,465.764,177.0251,88.4115,1,515
369,13.04038,933.864,463.926,177.2665,88.0626,1,509
370,13.07563,935.390,462.266,177.5561,87.7475,1,508
371,13.11087,936.854,460.333,177.8341,87.3806,1,510
372,13.14612,938.417,458.661,178.1307,87.0632,1,528
373,13.18136,940.153,456.863,178.4603,86.7220,1,502
374,13.21660,941.907,455.284,178.7931,86.4221,1,511
375,13.25185,943.966,453.727,179.1841,86.1266,1,517
376,13.28709,945.960,452.069,179.5625,85.8119,1,514
377,13.32234,948.264,450.584,179.9999,85.5300,1,510
378,13.35758,950.767,449.019,180.4751,85.2329,1,510
379,13.39283,953.098,447.544,180.9175,84.9530,1,530
380,13.42807,956.056,446.222,181.4789,84.7021,1,492
381,13.46331,958.512,445.045,181.9452,84.4786,1,518
382,13.49856,961.754,444.004,182.5605,84.2811,1,508
383,13.53380,964.659,443.031,183.1120,84.0962,1,507
384,13.56905,968.227,442.327,183.7893,83.9626,1,511
385,13.60429,971.364,441.271,184.3848,83.7623,1,513
386,13.63954,974.976,440.682,185.0703,83.6505,1,489
387,13.67478,978.355,440.109,185.7118,83.5416,1,487
388,13.71002,981.602,439.579,186.3280,83.4410,1,519
389,13.74527,984.998,439.663,186.9726,83.4569,1,506
390,13.78051,988.360,439.921,187.6108,83.5059,1,505
391,13.81576,991.606,440.328,188.2271,83.5833,1,491
392,13.85100,995.069,441.548,188.8843,83.8148,1,502
393,13.88625,998.295,442.381,189.4967,83.9729,1,510
394,13.92149,1001.550,444.021,190.1147,84.2842,1,503
395,13.95673,1004.705,445.379,190.7135,84.5421,1,514
396,13.99198,1007.658,447.190,191.2740,84.8857,1,510
397,14.02722,1010.662,449.310,191.8443,85.2883,1,484
398,14.06247,1013.164,451.469,192.3193,85.6980,1,486
399,14.09771,1015.841,453.803,192.8273,86.1411,1,502
400,14.13296,1018.034,456.874,193.2436,86.7241,1,504
401,14.16820,1020.183,459.263,193.6515,87.1776,1,493
402,14.20344,1021.927,462.697,193.9826,87.8292,1,531
403,14.23869,1023.563,465.618,194.2931,88.3837,1,500
404,14.27393,1024.689,468.996,194.5069,89.0249,1,493
405,14.30918,1025.653,472.335,194.6899,89.6589,1,498
406,14.34442,1026.118,475.944,194.7782,90.3440,1,517
407,14.37967,1026.421,479.481,194.8357,91.0153,1,519
408,14.41491,1026.381,483.286,194.8280,91.7376,1,509
409,14.45015,1026.218,487.025,194.7971,92.4473,1,504
410,14.48540,1025.614,490.554,194.6825,93.1172,1,498
411,14.52064,1024.849,494.324,194.5373,93.8328,1,502
412,14.55589,1023.721,497.319,194.3231,94.4012,1,526
413,14.59113,1022.334,500.644,194.0600,95.0324,1,503
414,14.62638,1020.831,503.518,193.7746,95.5780,1,498
415,14.66162,1019.002,506.465,193.4274,96.1374,1,512
416,14.69686,1017.123,509.123,193.0707,96.6419,1,520
417,14.73211,1014.846,511.805,192.6385,97.1511,1,525
418,14.76735,1012.520,514.236,192.1970,97.6124,1,506
419,14.80260,1009.770,516.435,191.6749,98.0298,1,532
420,14.83784,1007.069,518.419,191.1623,98.4065,1,500
421,14.87309,1004.167,520.319,190.6113,98.7671,1,515
422,14.90833,1001.229,522.064,190.0538,99.0983,1,509
423,14.94357,998.345,523.734,189.5062,99.4153,1,499
424,14.97882,995.177,525.337,188.9050,99.7198,1,508
425,15.01406,992.247,526.378,188.3488,99.9173,1,525
426,15.04931,989.093,527.337,187.7501,100.0993,1,518
427,15.08455,986.111,527.714,187.1839,100.1709,1,522
428,15.11980,983.015,527.921,186.5963,100.2101,1,521
429,15.15504,980.126,527.900,186.0480,100.2062,1,520
430,15.19028,976.826,527.306,185.4215,100.0934,1,515
431,15.22553,973.807,526.849,184.8484,100.0066,1,500
432,15.26077,970.551,525.633,184.2304,99.7758,1,517
433,15.29602,967.369,524.483,183.6265,99.5575,1,548
434,15.33126,964.690,522.721,183.1178,99.2231,1,515
435,15.36651,961.952,520.698,182.5981,98.8392,1,526
436,15.40175,959.805,518.683,182.1907,98.4567,1,506
437,15.43699,957.845,515.978,181.8186,97.9431,1,519
438,15.47224,956.184,513.757,181.5032,97.5215,1,530
439,15.50748,955.032,510.756,181.2846,96.9519,1,508
440,15.54273,954.154,508.136,181.1180,96.4546,1,519
441,15.57797,953.498,505.015,180.9934,95.8621,1,518
442,15.61322,953.679,502.240,181.0277,95.3354,1,515
443,15.64846,953.656,499.052,181.0233,94.7302,1,516
444,15.68370,954.407,496.115,181.1659,94.1727,1,518
445,15.71895,955.179,493.134,181.3126,93.6069,1,521
446,15.75419,956.443,490.403,181.5524,93.0886,1,514
447,15.78944,957.542,488.048,181.7611,92.6415,1,517
448,15.82468,959.382,485.960,182.1103,92.2452,1,517
449,15.85993,960.775,484.207,182.3747,91.9124,1,529
450,15.89517,962.609,482.758,182.7228,91.6373,1,522
451,15.93041,964.540,481.360,183.0893,91.3719,1,535
452,15.96566,966.542,480.503,183.4693,91.2092,1,523
453,16.00090,968.915,479.768,183.9198,91.0697,1,503
454,16.03615,971.223,479.384,184.3580,90.9969,1,529
455,16.07139,973.428,479.240,184.7765,90.9695,1,511
456,16.10664,975.824,479.515,185.2314,91.0217,1,497
457,16.14188,977.603,479.678,185.5691,91.0526,1,506
458,16.17712,980.012,480.557,186.0262,91.2195,1,528
459,16.21237,981.605,481.305,186.3287,91.3616,1,515
460,16.24761,983.679,482.558,186.7223,91.5994,1,508
461,16.28286,985.365,484.124,187.0425,91.8967,1,511
462,16.31810,986.522,485.587,187.2620,92.1742,1,513
463,16.35335,987.993,487.789,187.5412,92.5923,1,516
464,16.38859,988.527,489.713,187.6427,92.9576,1,492
465,16.42383,988.979,492.141,187.7284,93.4184,1,500
466,16.45908,989.529,494.335,187.8328,93.8349,1,508
467,16.49432,989.370,496.795,187.8026,94.3018,1,498
468,16.52957,989.590,498.873,187.8444,94.6963,1,513
469,16.56481,989.442,501.077,187.8163,95.1147,1,508
470,16.60006,989.192,503.201,187.7689,95.5179,1,508
471,16.63530,988.867,505.069,187.7072,95.8725,1,504
472,16.67054,988.210,507.083,187.5824,96.2548,1,510
473,16.70579,987.671,508.838,187.4800,96.5879,1,521
474,16.74103,986.685,510.538,187.2929,96.9105,1,520
475,16.77628,985.799,512.185,187.1248,97.2232,1,509
476,16.81152,984.682,513.716,186.9128,97.5137,1,517
477,16.84677,983.110,514.959,186.6143,97.7497,1,512
478,16.88201,981.862,516.378,186.3775,98.0190,1,507
479,16.91725,979.901,517.107,186.0053,98.1576,1,516
480,16.95250,978.707,517.943,185.7785,98.3161,1,519
481,16.98774,976.902,518.508,185.4360,98.4234,1,515
482,17.02299,975.678,518.891,185.2036,98.4961,1,530
483,17.05823,974.315,519.173,184.9448,98.5496,1,500
484,17.09348,973.237,519.193,184.7403,98.5535,1,519
485,17.12872,972.375,518.942,184.5766,98.5059,1,508
486,17.16396,971.439,518.635,184.3990,98.4476,1,521
487,17.19921,970.638,518.008,184.2468,98.3284,1,511
488,17.23445,969.836,517.422,184.0946,98.2172,1,526
489,17.26970,968.922,516.731,183.9212,98.0861,1,500
490,17.30494,968.423,516.130,183.8265,97.9721,1,505
491,17.34019,967.539,515.661,183.6587,97.8830,1,511
492,17.37543,967.111,515.298,183.5774,97.8141,1,527
493,17.41067,966.315,515.035,183.4264,97.7642,1,524
494,17.44592,965.589,514.671,183.2885,97.6951,1,522
495,17.48116,964.914,514.427,183.1604,97.6488,1,511
496,17.51641,963.910,514.114,182.9698,97.5894,1,512
497,17.55165,963.380,513.970,182.8692,97.5620,1,501
498,17.58690,962.519,513.652,182.7057,97.5017,1,536
499,17.62214,962.004,513.190,182.6080,97.4139,1,509
500,17.65738,961.534,512.540,182.5188,97.2906,1,511
501,17.69263,960.762,511.485,182.3722,97.0902,1,522
502,17.72787,960.466,510.504,182.3161,96.9041,1,521
503,17.76312,959.956,509.467,182.2193,96.7072,1,513
504,17.79836,959.606,508.416,182.1528,96.5078,1,521
505,17.83361,959.478,507.389,182.1285,96.3128,1,527
506,17.86885,959.318,506.786,182.0980,96.1983,1,501
507,17.90409,959.308,505.883,182.0963,96.0269,1,505
508,17.93934,959.177,505.507,182.0714,95.9556,1,512
509,17.97458,959.288,504.791,182.0924,95.8196,1,492
510,18.00983,958.955,504.097,182.0292,95.6878,1,513
511,18.04507,959.062,503.353,182.0495,95.5466,1,518
512,18.08032,958.818,502.400,182.0032,95.3658,1,520
513,18.11556,958.725,501.469,181.9855,95.1890,1,519
514,18.15080,958.715,500.452,181.9838,94.9960,1,510
515,18.18605,958.699,499.587,181.9807,94.8319,1,511
516,18.22129,958.777,498.788,181.9954,94.6801,1,510
517,18.25654,958.985,497.840,182.0350,94.5002,1,510
518,18.29178,958.795,496.864,181.9988,94.3150,1,503
519,18.32703,958.534,495.629,181.9493,94.0805,1,520
520,18.36227,957.921,494.404,181.8330,93.8480,1,506
521,18.39751,957.306,493.025,181.7163,93.5862,1,538
522,18.43276,956.738,491.683,181.6085,93.3314,1,509
523,18.46800,956.239,490.152,181.5137,93.0409,1,507
524,18.50325,955.778,488.561,181.4261,92.7388,1,508
525,18.53849,955.599,487.146,181.3923,92.4703,1,501
526,18.57373,955.211,485.738,181.3185,92.2029,1,510
527,18.60898,955.047,484.441,181.2875,91.9567,1,505
528,18.64422,954.902,483.255,181.2599,91.7316,1,503
529,18.67947,954.489,482.096,181.1814,91.5116,1,496
530,18.71471,954.028,480.673,181.0940,91.2416,1,508
531,18.74996,953.646,479.210,181.0215,90.9639,1,528
532,18.78520,953.197,477.672,180.9362,90.6719,1,526
533,18.82044,953.106,476.143,180.9190,90.3816,1,525
534,18.85569,953.154,474.647,180.9280,90.0977,1,533
535,18.89093,953.257,473.784,180.9476,89.9339,1,522
536,18.92618,953.142,472.566,180.9258,89.7026,1,506
537,18.96142,953.186,471.817,180.9341,89.5605,1,523
538,18.99667,952.842,470.956,180.8689,89.3970,1,524
539,19.03191,952.792,470.033,180.8594,89.2219,1,519
540,19.06715,952.618,469.025,180.8263,89.0306,1,535
541,19.10240,952.675,468.021,180.8373,88.8398,1,516
542,19.13764,952.822,466.800,180.8650,88.6081,1,515
543,19.17289,953.319,465.645,180.9595,88.3889,1,518
544,19.20813,953.848,464.530,181.0598,88.1773,1,510
545,19.24338,954.661,463.424,181.2142,87.9673,1,512
546,19.27862,955.040,462.612,181.2861,87.8131,1,488
547,19.31386,955.890,461.374,181.4474,87.5782,1,520
548,19.34911,956.380,460.461,181.5404,87.4049,1,494
549,19.38435,957.192,458.854,181.6946,87.0998,1,502
550,19.41960,958.491,457.596,181.9411,86.8611,1,508
551,19.45484,959.609,456.064,182.1534,86.5702,1,496
552,19.49009,961.106,455.000,182.4376,86.3682,1,520
553,19.52533,962.573,453.897,182.7160,86.1590,1,508
554,19.56057,963.925,453.102,182.9726,86.0080,1,500
555,19.59582,965.171,452.172,183.2091,85.8316,1,492
556,19.63106,966.661,451.083,183.4921,85.6247,1,512
557,19.66631,968.215,450.254,183.7870,85.4675,1,505
558,19.70155,970.163,448.977,184.1567,85.2251,1,516
559,19.73680,972.043,448.440,184.5137,85.1231,1,515
560,19.77204,974.081,447.784,184.9005,84.9985,1,486
561,19.80728,975.566,447.420,185.1824,84.9294,1,494
562,19.84253,977.253,446.869,185.5026,84.8249,1,503
563,19.87777,978.897,446.330,185.8146,84.7226,1,498
564,19.91302,980.601,445.771,186.1381,84.6164,1,508
565,19.94826,982.491,445.664,186.4968,84.5960,1,497
566,19.98351,984.078,445.669,186.7981,84.5970,1,495
567,20.01875,985.582,445.968,187.0837,84.6538,1,485
568,20.05399,987.061,445.921,187.3644,84.6449,1,491
569,20.08924,988.665,445.922,187.6687,84.6451,1,517
570,20.12448,990.340,445.999,187.9867,84.6597,1,514
571,20.15973,992.242,446.313,188.3478,84.7194,1,477
572,20.19497,993.716,446.852,188.6275,84.8216,1,521
573,20.23022,995.461,447.340,188.9588,84.9142,1,490
574,20.26546,996.649,447.752,189.1843,84.9924,1,494
575,20.30070,998.631,448.215,189.5605,85.0804,1,500
576,20.33595,1000.030,448.745,189.8261,85.1810,1,504
577,20.37119,1001.857,449.637,190.1730,85.3504,1,486
578,20.40644,1003.183,450.807,190.4246,85.5723,1,494
579,20.44168,1004.239,451.712,190.6250,85.7441,1,476
580,20.47693,1005.431,452.904,190.8513,85.9703,1,505
581,20.51217,1006.548,454.083,191.0634,86.1941,1,487
582,20.54741,1007.666,455.699,191.2756,86.5010,1,494
583,20.58266,1008.682,457.458,191.4685,86.8349,1,474
584,20.61790,1009.407,459.570,191.6060,87.2359,1,488
585,20.65315,1010.104,461.217,191.7383,87.5484,1,496
586,20.68839,1010.958,463.156,191.9004,87.9164,1,491
587,20.72364,1011.779,465.083,192.0563,88.2823,1,496
588,20.75888,1012.612,467.147,192.2145,88.6740,1,474
589,20.79412,1013.008,469.346,192.2895,89.0914,1,478
590,20.82937,1013.604,471.224,192.4028,89.4479,1,488
591,20.86461,1013.867,473.157,192.4526,89.8148,1,511
592,20.89986,1014.273,475.001,192.5298,90.1650,1,492
593,20.93510,1014.567,477.033,192.5855,90.5506,1,514
594,20.97035,1014.384,478.938,192.5508,90.9123,1,504
595,21.00559,1014.326,480.543,192.5399,91.2169,1,503
596,21.04083,1014.578,482.210,192.5877,91.5334,1,482
597,21.07608,1014.556,483.582,192.5834,91.7937,1,484
598,21.11132,1015.154,485.455,192.6969,92.1492,1,510
599,21.14657,1015.026,486.988,192.6726,92.4402,1,480
600,21.18181,1015.171,488.415,192.7001,92.7111,1,491
601,21.21706,1015.115,489.570,192.6895,92.9305,1,486
602,21.25230,1015.338,490.138,192.7319,93.0382,1,490
603,21.28754,1015.399,491.075,192.7434,93.2160,1,505
604,21.32279,1015.460,491.768,192.7551,93.3476,1,480
605,21.35803,1014.929,492.362,192.6542,93.4603,1,474
606,21.39328,1014.559,492.773,192.5840,93.5384,1,495
607,21.42852,1014.316,493.009,192.5378,93.5831,1,483
608,21.46377,1013.639,493.242,192.4094,93.6274,1,497
609,21.49901,1012.947,493.458,192.2780,93.6685,1,456
610,21.53425,1011.916,493.454,192.0823,93.6677,1,484
611,21.56950,1010.524,493.740,191.8180,93.7220,1,486
612,21.60474,1009.482,493.815,191.6202,93.7362,1,464
613,21.63999,1008.264,494.426,191.3890,93.8522,1,467
614,21.67523,1007.337,494.717,191.2132,93.9075,1,478
615,21.71048,1006.196,495.046,190.9966,93.9699,1,470
616,21.74572,1005.537,495.217,190.8715,94.0023,1,467
617,21.78096,1004.416,495.299,190.6586,94.0179,1,471
618,21.81621,1003.523,495.299,190.4891,94.0179,1,473
619,21.85145,1002.358,495.213,190.2680,94.0016,1,498
620,21.88670,1001.321,494.852,190.0712,93.9330,1,475
621,21.92194,1000.171,494.523,189.8528,93.8705,1,478
622,21.95719,999.081,494.139,189.6459,93.7977,1,478
623,21.99243,997.892,493.464,189.4203,93.6695,1,478
624,22.02767,996.713,493.098,189.1965,93.6001,1,487
625,22.06292,995.643,492.310,188.9934,93.4506,1,468
626,22.09816,994.636,491.748,188.8022,93.3438,1,472
627,22.13341,994.030,490.885,188.6872,93.1800,1,483
628,22.16865,993.520,490.236,188.5904,93.0569,1,466
629,22.20390,993.047,489.348,188.5005,92.8883,1,487
630,22.23914,993.247,488.305,188.5385,92.6903,1,459
631,22.27438,993.251,487.647,188.5394,92.5653,1,475
632,22.30963,993.742,486.476,188.6325,92.3431,1,473
633,22.34487,994.244,485.455,188.7279,92.1493,1,486
634,22.38012,995.055,484.331,188.8818,91.9360,1,487
635,22.41536,995.941,483.260,189.0500,91.7327,1,483
636,22.45061,996.444,482.157,189.1454,91.5232,1,466
637,22.48585,997.607,480.787,189.3661,91.2632,1,481
638,22.52109,998.389,480.157,189.5146,91.1436,1,488
639,22.55634,998.780,479.273,189.5889,90.9757,1,488
640,22.59158,999.836,478.488,189.7893,90.8267,1,475
641,22.62683,1000.551,478.332,189.9250,90.7973,1,474
642,22.66207,1001.234,478.356,190.0547,90.8017,1,498
643,22.69732,1001.936,477.958,190.1880,90.7261,1,475
644,22.73256,1003.287,478.180,190.4444,90.7683,1,505
645,22.76780,1003.663,478.715,190.5157,90.8700,1,504
646,22.80305,1004.990,478.234,190.7677,90.7786,1,481
647,22.83829,1006.056,479.192,190.9699,90.9605,1,487
648,22.87354,1007.223,479.247,191.1915,90.9709,1,467
649,22.90878,1008.415,479.608,191.4178,91.0395,1,484
650,22.94403,1009.904,480.105,191.7005,91.1337,1,475
651,22.97927,1010.664,480.885,191.8446,91.2817,1,472
652,23.01451,1011.950,481.302,192.0887,91.3610,1,458
653,23.04976,1012.829,482.470,192.2556,91.5826,1,470
654,23.08500,1013.894,483.095,192.4577,91.7014,1,481
655,23.12025,1014.898,484.073,192.6483,91.8869,1,480
656,23.15549,1016.025,485.208,192.8623,92.1024,1,484
657,23.19074,1016.736,486.368,192.9972,92.3227,1,459
658,23.22598,1017.725,487.711,193.1850,92.5776,1,476
659,23.26122,1019.051,488.881,193.4367,92.7995,1,491
660,23.29647,1019.607,490.488,193.5422,93.1046,1,480
661,23.33171,1020.658,491.291,193.7418,93.2570,1,456
662,23.36696,1021.685,492.717,193.9367,93.5277,1,467
663,23.40220,1021.668,494.121,193.9334,93.7942,1,464
664,23.43745,1022.535,494.909,194.0981,93.9438,1,468
665,23.47269,1023.006,496.428,194.1875,94.2321,1,468
666,23.50793,1023.196,497.387,194.2235,94.4141,1,466
667,23.54318,1023.775,498.386,194.3333,94.6039,1,464
668,23.57842,1023.897,499.934,194.3565,94.8976,1,460
669,23.61367,1023.950,500.776,194.3667,95.0574,1,456
670,23.64891,1024.083,502.542,194.3918,95.3928,1,460
671,23.68416,1023.823,503.711,194.3425,95.6146,1,456
672,23.71940,1023.850,504.855,194.3476,95.8319,1,445
673,23.75464,1023.754,506.953,194.3294,96.2300,1,467
674,23.78989,1023.286,508.036,194.2406,96.4356,1,467
675,23.82513,1023.549,509.619,194.2905,96.7361,1,457
676,23.86038,1022.918,511.589,194.1707,97.1101,1,477
677,23.89562,1022.360,512.361,194.0649,97.2566,1,442
678,23.93087,1022.270,514.027,194.0477,97.5728,1,462
679,23.96611,1021.220,515.530,193.8485,97.8580,1,466
680,24.00135,1020.508,516.105,193.7133,97.9673,1,459
681,24.03660,1019.799,517.710,193.5787,98.2718,1,463
682,24.07184,1018.324,518.503,193.2987,98.4225,1,471
683,24.10709,1017.249,519.526,193.0947,98.6167,1,456
684,24.14233,1015.651,520.843,192.7912,98.8666,1,457
685,24.17758,1014.439,521.833,192.5612,99.0545,1,460
686,24.21282,1012.812,523.355,192.2525,99.3435,1,465
687,24.24806,1011.105,524.352,191.9284,99.5327,1,473
688,24.28331,1009.699,525.522,191.6616,99.7548,1,474
689,24.31855,1007.816,526.721,191.3040,99.9824,1,478
690,24.35380,1005.709,527.511,190.9041,100.1323,1,455
691,24.38904,1004.204,528.482,190.6185,100.3167,1,449
692,24.42429,1001.615,529.492,190.1270,100.5084,1,479
693,24.45953,999.737,529.527,189.7705,100.5151,1,471
694,24.49477,997.346,530.454,189.3167,100.6910,1,456
695,24.53002,994.830,530.333,188.8391,100.6680,1,474
696,24.56526,992.411,530.447,188.3799,100.6898,1,477
697,24.60051,989.812,530.709,187.8865,100.7394,1,463
698,24.63575,986.777,530.186,187.3105,100.6401,1,462
699,24.67100,984.615,529.985,186.9000,100.6019,1,443
700,24.70624,981.325,529.663,186.2755,100.5408,1,505
701,24.74148,979.006,528.969,185.8352,100.4092,1,475
702,24.77673,976.677,528.229,185.3932,100.2687,1,464
703,24.81197,973.939,527.176,184.8736,100.0689,1,452
704,24.84722,972.414,526.021,184.5841,99.8496,1,454
705,24.88246,969.740,524.572,184.0765,99.5744,1,459
706,24.91771,968.192,522.780,183.7826,99.2344,1,464
707,24.95295,966.525,521.323,183.4662,98.9577,1,465
708,24.98819,964.780,519.211,183.1350,98.5568,1,455
