indice,t_s,xc_px,yc_px
0,0.000000,601.733,360.468
1,0.026458,601.983,359.949
2,0.063059,602.356,359.230
3,0.095172,602.710,358.600
4,0.126445,603.076,357.986
5,0.158987,603.481,357.348
6,0.187380,603.854,356.792
7,0.218517,604.284,356.183
8,0.251512,604.763,355.539
9,0.283025,605.242,354.925
10,0.314693,605.745,354.308
11,0.347697,606.292,353.668
12,0.378827,606.829,353.065
13,0.410386,607.393,352.456
14,0.445098,608.036,351.787
15,0.474950,608.609,351.215
16,0.502741,609.158,350.683
17,0.535836,609.830,350.052
18,0.565013,610.440,349.499
19,0.595886,611.102,348.915
20,0.628392,611.817,348.303
21,0.659326,612.515,347.724
22,0.690662,613.238,347.139
23,0.723391,614.011,346.533
24,0.754729,614.768,345.955
25,0.786328,615.546,345.376
26,0.816104,616.292,344.833
27,0.848161,617.111,344.253
28,0.880035,617.939,343.679
29,0.910703,618.749,343.131
30,0.939554,619.523,342.619
31,0.971135,620.381,342.063
32,1.004304,621.296,341.483
33,1.060685,622.879,340.509
34,1.091781,623.767,339.978
35,1.124618,624.715,339.423
36,1.154859,625.598,338.916
37,1.183052,626.427,338.447
38,1.215840,627.401,337.908
39,1.246975,628.333,337.401
40,1.278160,629.273,336.898
41,1.311106,630.274,336.373
42,1.342094,631.221,335.885
43,1.373294,632.180,335.399
44,1.405716,633.181,334.900
45,1.436973,634.151,334.425
46,1.469040,635.149,333.944
47,1.502257,636.186,333.453
48,1.535404,637.224,332.970
49,1.566245,638.191,332.527
50,1.599021,639.220,332.062
51,1.629961,640.192,331.631
52,1.660991,641.167,331.205
53,1.693840,642.198,330.761
54,1.724725,643.166,330.350
55,1.755359,644.125,329.950
56,1.787754,645.135,329.534
57,1.819600,646.126,329.132
58,1.849157,647.042,328.767
59,1.879743,647.986,328.395
60,1.910524,648.931,328.028
61,1.941330,649.871,327.668
62,1.973584,650.850,327.299
63,2.004430,651.779,326.954
64,2.035351,652.704,326.616
65,2.071210,653.767,326.233
66,2.096746,654.518,325.967
67,2.123546,655.299,325.694
68,2.156472,656.249,325.366
69,2.187310,657.130,325.067
70,2.216257,657.947,324.794
71,2.247175,658.810,324.509
72,2.276500,659.618,324.248
73,2.307467,660.460,323.979
74,2.336962,661.250,323.731
75,2.368413,662.081,323.475
76,2.399468,662.888,323.231
77,2.432367,663.728,322.981
78,2.462197,664.476,322.763
79,2.490727,665.178,322.562
80,2.522101,665.936,322.350
81,2.553123,666.671,322.148
82,2.583916,667.384,321.957
83,2.617187,668.136,321.760
84,2.648112,668.818,321.587
85,2.675697,669.413,321.439
86,2.707304,670.076,321.279
87,2.738695,670.717,321.129
88,2.770788,671.353,320.985
89,2.800721,671.929,320.860
90,2.830566,672.484,320.743
91,2.861852,673.048,320.630
92,2.894083,673.608,320.523
93,2.924707,674.120,320.430
94,2.954913,674.605,320.348
95,2.985396,675.076,320.274
96,3.016469,675.535,320.207
97,3.049421,675.998,320.147
98,3.084210,676.461,320.094
99,3.114341,676.840,320.058
100,3.147717,677.236,320.028
101,3.180698,677.602,320.009
102,3.211857,677.924,320.001
103,3.243807,678.231,320.002
104,3.276932,678.524,320.014
105,3.308926,678.783,320.035
106,3.340341,679.013,320.065
107,3.373875,679.232,320.108
108,3.405896,679.415,320.160
109,3.437500,679.572,320.220
110,3.471054,679.712,320.294
111,3.531450,679.895,320.455
112,3.563873,679.956,320.556
113,3.595892,679.990,320.665
114,3.627757,680.000,320.784
115,3.659836,679.984,320.913
116,3.693542,679.940,321.059
117,3.724106,679.876,321.200
118,3.754976,679.788,321.352
119,3.789108,679.663,321.530
120,3.819268,679.530,321.696
121,3.851751,679.361,321.885
122,3.885666,679.157,322.092
123,3.914351,678.963,322.276
124,3.945511,678.730,322.484
125,3.978143,678.461,322.711
126,4.009121,678.183,322.935
127,4.039826,677.884,323.166
128,4.071986,677.548,323.417
129,4.103113,677.199,323.668
130,4.133810,676.834,323.925
131,4.165940,676.429,324.202
132,4.196836,676.017,324.476
133,4.227979,675.581,324.762
134,4.257760,675.144,325.042
135,4.289096,674.663,325.345
136,4.320580,674.159,325.658
137,4.352896,673.620,325.988
138,4.383874,673.083,326.312
139,4.415369,672.516,326.649
140,4.447599,671.916,327.003
141,4.478301,671.326,327.347
142,4.509220,670.712,327.702
143,4.537435,670.137,328.031
144,4.568582,669.485,328.403
145,4.599477,668.820,328.778
146,4.628848,668.173,329.142
147,4.659831,667.473,329.533
148,4.691427,666.744,329.938
149,4.723939,665.975,330.363
150,4.755508,665.213,330.783
151,4.784428,664.502,331.174
152,4.813689,663.769,331.575
153,4.871378,662.287,332.383
154,4.902534,661.468,332.829
155,4.934849,660.604,333.298
156,4.965476,659.774,333.749
157,4.996232,658.928,334.208
158,5.028854,658.019,334.700
159,5.059701,657.149,335.173
160,5.090532,656.269,335.650
161,5.122969,655.333,336.158
162,5.154098,654.425,336.652
163,5.185776,653.492,337.160
164,5.218931,652.507,337.697
165,5.248688,651.616,338.185
166,5.279580,650.684,338.695
167,5.312542,649.682,339.246
168,5.343237,648.744,339.764
169,5.375410,647.755,340.311
170,5.415932,646.503,341.007
171,5.443974,645.632,341.494
172,5.474754,644.673,342.032
173,5.507199,643.659,342.603
174,5.539378,642.651,343.174
175,5.576408,641.490,343.837
176,5.607717,640.506,344.401
177,5.638715,639.533,344.963
178,5.669696,638.560,345.528
179,5.702851,637.519,346.137
180,5.735340,636.502,346.737
181,5.760390,635.718,347.202
182,5.793044,634.700,347.811
183,5.824124,633.734,348.394
184,5.854575,632.791,348.967
185,5.886752,631.799,349.576
186,5.935352,630.311,350.500
187,5.966571,629.362,351.097
188,5.999116,628.380,351.721
189,6.030071,627.453,352.316
190,6.061136,626.530,352.916
191,6.096837,625.480,353.607
192,6.127493,624.587,354.202
193,6.158477,623.693,354.804
194,6.190734,622.773,355.433
195,6.221533,621.905,356.034
196,6.250558,621.096,356.602
197,6.283023,620.204,357.237
198,6.314279,619.357,357.850
199,6.346656,618.492,358.485
200,6.376437,617.709,359.069
201,6.408133,616.890,359.692
202,6.439490,616.093,360.307
203,6.472596,615.267,360.957
204,6.508266,614.396,361.657
205,6.540731,613.621,362.294
206,6.575460,612.811,362.974
207,6.607746,612.075,363.606
208,6.640201,611.355,364.240
209,6.672519,610.655,364.871
210,6.703353,610.006,365.471
211,6.734128,609.375,366.069
212,6.765183,608.756,366.671
213,6.796309,608.155,367.273
214,6.825754,607.604,367.841
215,6.856764,607.042,368.437
216,6.886126,606.528,368.999
217,6.913903,606.058,369.530
218,6.943429,605.577,370.092
219,6.970587,605.150,370.607
220,7.028955,604.287,371.708
221,7.060355,603.854,372.296
222,7.093339,603.422,372.910
223,7.124665,603.035,373.491
224,7.156521,602.664,374.078
225,7.188496,602.315,374.664
226,7.242514,601.781,375.645
227,7.271253,601.524,376.163
228,7.300436,601.283,376.686
229,7.322576,601.114,377.080
230,7.343689,600.964,377.454
231,7.365100,600.823,377.831
232,7.386910,600.691,378.213
233,7.407055,600.578,378.565
234,7.427701,600.474,378.923
235,7.454703,600.352,379.388
236,7.479776,600.256,379.817
237,7.501201,600.185,380.182
238,7.523795,600.123,380.563
239,7.545538,600.076,380.928
240,7.568556,600.038,381.312
241,7.596331,600.009,381.772
242,7.623357,600.000,382.215
243,7.646469,600.006,382.591
244,7.667388,600.023,382.929
245,7.692242,600.058,383.327
246,7.720429,600.115,383.774
247,7.746870,600.187,384.190
248,7.767807,600.255,384.516
249,7.790226,600.341,384.862
250,7.813789,600.444,385.223
251,7.838266,600.566,385.594
252,7.859747,600.685,385.917
253,7.881411,600.816,386.239
254,7.906601,600.982,386.611
255,7.927856,601.135,386.921
256,7.949443,601.301,387.233
257,7.973184,601.496,387.572
258,7.997055,601.706,387.910
259,8.020553,601.926,388.239
260,8.043241,602.151,388.552
261,8.067702,602.406,388.887
262,8.092689,602.681,389.224
263,8.117534,602.969,389.555
264,8.138969,603.229,389.837
265,8.163012,603.533,390.149
266,8.185720,603.832,390.440
267,8.208341,604.141,390.726
268,8.232886,604.490,391.033
269,8.257418,604.851,391.334
270,8.280735,605.207,391.617
271,8.300652,605.519,391.855
272,8.325519,605.922,392.148
273,8.349320,606.319,392.424
274,8.376476,606.787,392.733
275,8.401171,607.226,393.009
276,8.426985,607.698,393.293
277,8.448480,608.100,393.525
278,8.471260,608.537,393.767
279,8.496827,609.040,394.033
280,8.518677,609.479,394.257
281,8.577622,610.708,394.840
