indice,t_s,cuadro_camara,t_driver_s,t_llegada_s
0,0.000000,0,0.000000,0.000000
1,0.042342,1,0.031250,0.061530
2,0.084079,2,0.078125,0.166124
3,0.164984,4,0.156250,0.196848
4,0.209216,5,0.203125,0.262574
5,0.246903,6,0.234375,0.288531
6,0.288504,7,0.281250,0.334135
7,0.326192,8,0.312500,0.363103
8,0.366993,9,0.359375,0.418977
9,0.418360,10,0.421875,0.459986
10,0.460117,11,0.453125,0.484288
11,0.502000,12,0.500000,0.541888
12,0.544059,13,0.531250,0.567525
13,0.585879,14,0.578125,0.611673
14,0.627846,15,0.625000,0.640087
15,0.669149,16,0.656250,0.698840
16,0.710989,17,0.703125,0.747989
17,0.752796,18,0.750000,0.770457
18,0.794462,19,0.781250,0.827788
19,0.836297,20,0.828125,0.867853
20,0.877628,21,0.859375,0.889154
21,0.919462,22,0.906250,0.946242
22,0.961297,23,0.953125,0.986869
23,1.003132,24,0.984375,1.027733
24,1.044966,25,1.046875,1.083623
25,1.085793,26,1.078125,1.108442
26,1.127628,27,1.125000,1.165823
27,1.169462,28,1.171875,1.190231
28,1.211297,29,1.203125,1.232725
29,1.253132,30,1.250000,1.288643
30,1.294462,31,1.281250,1.313286
31,1.336297,32,1.328125,1.371259
32,1.378132,33,1.375000,1.397145
33,1.419462,34,1.406250,1.456776
34,1.461297,35,1.453125,1.495579
35,1.502628,36,1.484375,1.521005
36,1.544462,37,1.531250,1.580004
37,1.586297,38,1.578125,1.605817
38,1.627628,39,1.609375,1.647176
39,1.669462,40,1.656250,1.702724
40,1.710289,41,1.687500,1.727465
41,1.751620,42,1.750000,1.785603
42,1.793454,43,1.796875,1.811246
43,1.834785,44,1.828125,1.868686
44,1.876620,45,1.875000,1.908744
45,1.917950,46,1.906250,1.933894
46,1.959785,47,1.953125,1.992923
47,2.001620,48,2.000000,2.018546
48,2.042950,49,2.031250,2.076637
49,2.084785,50,2.078125,2.117455
50,2.126115,51,2.109375,2.142571
51,2.167950,52,2.156250,2.204843
52,2.209785,53,2.203125,2.229893
53,2.251115,54,2.234375,2.286254
54,2.292950,55,2.281250,2.327758
55,2.334281,56,2.312500,2.352733
56,2.376115,57,2.359375,2.410157
57,2.417950,58,2.421875,2.435916
58,2.459281,59,2.453125,2.481979
59,2.501115,60,2.500000,2.545291
60,2.542446,61,2.531250,2.570893
61,2.584281,62,2.578125,2.617901
62,2.626115,63,2.625000,2.643296
63,2.667446,64,2.656250,2.703764
64,2.709281,65,2.703125,2.745001
65,2.750611,66,2.734375,2.767293
66,2.792446,67,2.781250,2.824361
67,2.834281,68,2.828125,2.849851
68,2.875611,69,2.859375,2.908573
69,2.917446,70,2.906250,2.948385
70,2.958777,71,2.937500,2.975933
71,3.000611,72,2.984375,3.039589
72,3.042446,73,3.046875,3.065168
73,3.083273,74,3.078125,3.121570
74,3.125107,75,3.125000,3.163361
75,3.166438,76,3.156250,3.189744
76,3.208273,77,3.203125,3.235234
77,3.250107,78,3.250000,3.260388
78,3.291438,79,3.281250,3.315592
79,3.333273,80,3.328125,3.370808
80,3.374603,81,3.359375,3.394942
81,3.416438,82,3.406250,3.452755
82,3.458273,83,3.453125,3.479277
83,3.499603,84,3.484375,3.535372
84,3.541438,85,3.531250,3.577129
85,3.582769,86,3.562500,3.603225
86,3.624603,87,3.609375,3.662488
87,3.666438,88,3.656250,3.688038
88,3.707265,89,3.687500,3.729291
89,3.749099,90,3.750000,3.788205
90,3.790430,91,3.781250,3.813269
91,3.832265,92,3.828125,3.869967
92,3.874099,93,3.875000,3.895495
93,3.915430,94,3.906250,3.953864
94,3.957265,95,3.953125,3.994312
95,3.998595,96,3.984375,4.019122
96,4.040430,97,4.031250,4.077250
97,4.082265,98,4.078125,4.102214
98,4.123595,99,4.109375,4.145699
99,4.165430,100,4.156250,4.214954
100,4.206761,101,4.187500,4.239880
101,4.248595,102,4.234375,4.279466
102,4.290430,103,4.281250,4.305306
103,4.331761,104,4.312500,4.364259
104,4.373595,105,4.375000,4.408846
105,4.414422,106,4.406250,4.433975
106,4.456257,107,4.453125,4.497841
107,4.498091,108,4.500000,4.522817
108,4.539422,109,4.531250,4.562702
109,4.581257,110,4.578125,4.618215
110,4.622587,111,4.609375,4.644573
111,4.664422,112,4.656250,4.703068
112,4.706257,113,4.703125,4.727626
113,4.747587,114,4.734375,4.778748
114,4.789422,115,4.781250,4.819846
115,4.830753,116,4.812500,4.844175
116,4.872587,117,4.859375,4.901521
117,4.914422,118,4.906250,4.927100
118,4.955753,119,4.937500,4.984978
119,4.997587,120,4.984375,5.027547
120,5.038414,121,5.015625,5.052909
121,5.079745,122,5.078125,5.113874
122,5.121579,123,5.125000,5.137952
123,5.162910,124,5.156250,5.195274
124,5.204745,125,5.203125,5.235335
125,5.246075,126,5.234375,5.259818
126,5.287910,127,5.281250,5.315757
127,5.329745,128,5.328125,5.340740
128,5.371075,129,5.359375,5.401287
129,5.412910,130,5.406250,5.443895
130,5.454240,131,5.437500,5.469283
131,5.496075,132,5.484375,5.536650
132,5.537910,133,5.531250,5.562860
133,5.579240,134,5.562500,5.606133
134,5.621075,135,5.609375,5.650738
135,5.662406,136,5.640625,5.695452
136,5.704240,137,5.687500,5.736856
137,5.746075,138,5.750000,5.763223
138,5.787406,139,5.781250,5.823813
139,5.829240,140,5.828125,5.865901
140,5.870571,141,5.859375,5.890773
141,5.912406,142,5.906250,5.945734
142,5.954240,143,5.953125,5.970835
143,5.995571,144,5.984375,6.026630
144,6.037406,145,6.031250,6.066811
145,6.078736,146,6.062500,6.104561
146,6.120571,147,6.109375,6.144984
147,6.162406,148,6.156250,6.184249
148,6.203736,149,6.187500,6.224281
149,6.245571,150,6.234375,6.279520
150,6.286902,151,6.265625,6.304225
151,6.328736,152,6.312500,6.361133
152,6.370571,153,6.375000,6.387239
153,6.411398,154,6.406250,6.445815
154,6.453232,155,6.453125,6.487264
155,6.495067,156,6.484375,6.511660
156,6.536902,157,6.531250,6.570809
157,6.578736,158,6.578125,6.595604
158,6.620067,159,6.609375,6.653560
159,6.661902,160,6.656250,6.693877
160,6.703736,161,6.687500,6.718639
161,6.745571,162,6.734375,6.779286
162,6.787406,163,6.781250,6.805041
163,6.828736,164,6.812500,6.846122
164,6.870571,165,6.859375,6.901391
165,6.912406,166,6.890625,6.923684
166,6.954240,167,6.937500,6.977595
167,6.996075,168,6.984375,7.017588
168,7.028252,169,7.015625,7.058642
169,7.088339,170,7.078125,7.113111
170,7.120067,171,7.125000,7.135549
171,7.161902,172,7.156250,7.191561
172,7.203736,173,7.203125,7.245030
173,7.245067,174,7.234375,7.270174
174,7.286902,175,7.281250,7.312776
175,7.328736,176,7.328125,7.357288
176,7.370571,177,7.359375,7.398884
177,7.412406,178,7.406250,7.455629
178,7.453736,179,7.437500,7.479162
179,7.495571,180,7.484375,7.532319
180,7.537406,181,7.531250,7.555906
181,7.579240,182,7.562500,7.613172
182,7.621075,183,7.609375,7.653596
183,7.662406,184,7.640625,7.678782
184,7.704240,185,7.687500,7.738117
185,7.746075,186,7.750000,7.763582
186,7.787406,187,7.781250,7.822109
187,7.829240,188,7.828125,7.864354
188,7.870571,189,7.859375,7.889231
189,7.912406,190,7.906250,7.944007
190,7.954240,191,7.953125,7.967605
191,7.995571,192,7.984375,8.022208
192,8.037406,193,8.031250,8.062331
193,8.078736,194,8.062500,8.102289
194,8.120571,195,8.109375,8.142973
195,8.162406,196,8.156250,8.183138
196,8.203736,197,8.187500,8.236609
197,8.245571,198,8.234375,8.274665
198,8.286902,199,8.265625,8.317926
199,8.328736,200,8.312500,8.360560
200,8.370571,201,8.375000,8.386649
201,8.411398,202,8.406250,8.446794
202,8.453232,203,8.453125,8.487036
203,8.494563,204,8.484375,8.511803
204,8.536398,205,8.531250,8.568257
205,8.578232,206,8.578125,8.593664
206,8.619563,207,8.609375,8.649788
207,8.661398,208,8.656250,8.701614
208,8.702728,209,8.687500,8.726068
209,8.744563,210,8.734375,8.781273
210,8.786398,211,8.781250,8.807618
211,8.827728,212,8.812500,8.849114
212,8.869563,213,8.859375,8.905180
213,8.910894,214,8.890625,8.932007
214,8.952728,215,8.937500,8.991906
215,8.994563,216,8.984375,9.017835
216,9.035390,217,9.015625,9.062183
217,9.077224,218,9.078125,9.121460
218,9.118555,219,9.109375,9.146306
219,9.160390,220,9.156250,9.191218
220,9.202224,221,9.203125,9.225038
221,9.243555,222,9.234375,9.291979
222,9.285390,223,9.281250,9.320059
223,9.326720,224,9.312500,9.350604
224,9.368555,225,9.359375,9.399784
225,9.410390,226,9.406250,9.427674
226,9.451720,227,9.437500,9.492055
227,9.493555,228,9.484375,9.518418
228,9.534886,229,9.515625,9.564363
229,9.576720,230,9.562500,9.611348
230,9.618555,231,9.609375,9.637564
231,9.659886,232,9.640625,9.681478
232,9.701720,233,9.703125,9.737609
233,9.742547,234,9.734375,9.760602
234,9.784382,235,9.781250,9.817903
235,9.826216,236,9.828125,9.841893
236,9.867547,237,9.859375,9.897329
237,9.909382,238,9.906250,9.951069
238,9.950712,239,9.937500,9.975235
239,9.992547,240,9.984375,10.031718
240,10.034382,241,10.031250,10.055644
241,10.075712,242,10.062500,10.098853
242,10.117547,243,10.109375,10.157388
243,10.158878,244,10.140625,10.181099
244,10.200712,245,10.187500,10.236614
245,10.242547,246,10.234375,10.261488
246,10.283878,247,10.265625,10.319614
247,10.325712,248,10.312500,10.362386
248,10.366539,249,10.343750,10.386124
249,10.407870,250,10.406250,10.444145
250,10.449704,251,10.453125,10.469571
251,10.491035,252,10.484375,10.513288
252,10.532870,253,10.531250,10.572116
253,10.574200,254,10.562500,10.597932
254,10.616035,255,10.609375,10.655778
255,10.657870,256,10.656250,10.681386
256,10.699200,257,10.687500,10.742124
257,10.741035,258,10.734375,10.767747
258,10.782365,259,10.765625,10.811904
259,10.824200,260,10.812500,10.873231
260,10.866035,261,10.859375,10.898365
261,10.907365,262,10.890625,10.942735
262,10.949200,263,10.937500,10.984331
263,10.990531,264,10.968750,11.009623
264,11.032365,265,11.015625,11.069610
265,11.074200,266,11.078125,11.095957
266,11.115531,267,11.109375,11.153242
267,11.157365,268,11.156250,11.195341
268,11.198696,269,11.187500,11.219009
269,11.240531,270,11.234375,11.276540
270,11.282365,271,11.281250,11.302300
271,11.323696,272,11.312500,11.344552
272,11.365531,273,11.359375,11.400454
273,11.406861,274,11.390625,11.424463
274,11.448696,275,11.437500,11.480142
275,11.490531,276,11.484375,11.506006
276,11.531861,277,11.515625,11.563484
277,11.573696,278,11.562500,11.605431
278,11.615027,279,11.593750,11.631548
279,11.656861,280,11.640625,11.691528
280,11.698696,281,11.703125,11.715534
281,11.739523,282,11.734375,11.771051
282,11.781357,283,11.781250,11.813508
283,11.822688,284,11.812500,11.839522
284,11.864523,285,11.859375,11.901037
285,11.906357,286,11.906250,11.926635
286,11.947688,287,11.937500,11.983825
287,11.989523,288,11.984375,12.025779
288,12.030853,289,12.015625,12.051731
289,12.072688,290,12.062500,12.113090
290,12.114523,291,12.109375,12.154073
291,12.155853,292,12.140625,12.179128
292,12.197688,293,12.187500,12.239075
293,12.239019,294,12.218750,12.264235
294,12.280853,295,12.265625,12.319828
295,12.322688,296,12.312500,12.360859
296,12.363515,297,12.343750,12.386421
297,12.404845,298,12.406250,12.445293
298,12.446176,299,12.437500,12.470112
299,12.488011,300,12.484375,12.513897
300,12.529845,301,12.531250,12.571279
301,12.571176,302,12.562500,12.596084
302,12.613011,303,12.609375,12.652530
303,12.654341,304,12.640625,12.678137
304,12.696176,305,12.687500,12.734355
305,12.738011,306,12.734375,12.776405
306,12.779341,307,12.765625,12.802529
307,12.821176,308,12.812500,12.862981
308,12.863011,309,12.843750,12.888496
309,12.904845,310,12.890625,12.934597
310,12.946680,311,12.937500,12.978010
311,12.988011,312,12.968750,13.021689
312,13.029845,313,13.015625,13.066810
313,13.071680,314,13.062500,13.093367
314,13.113515,315,13.109375,13.154814
315,13.155349,316,13.156250,13.197226
316,13.196680,317,13.187500,13.223372
317,13.238515,318,13.234375,13.269592
318,13.280349,319,13.265625,13.297091
319,13.322184,320,13.312500,13.358370
320,13.364019,321,13.359375,13.398745
321,13.405349,322,13.390625,13.424832
322,13.447184,323,13.437500,13.487408
323,13.489019,324,13.484375,13.513562
324,13.530853,325,13.515625,13.577595
325,13.572688,326,13.562500,13.603463
326,13.614019,327,13.593750,13.647759
327,13.655853,328,13.640625,13.694412
328,13.697688,329,13.703125,13.720278
329,13.739019,330,13.734375,13.764828
330,13.780853,331,13.781250,13.822628
331,13.822184,332,13.812500,13.846703
332,13.864019,333,13.859375,13.902702
333,13.905853,334,13.906250,13.928932
334,13.947688,335,13.937500,13.986765
335,13.989523,336,13.984375,14.028179
336,14.030853,337,14.015625,14.055033
337,14.072688,338,14.062500,14.099800
338,14.114523,339,14.109375,14.128284
339,14.155853,340,14.140625,14.189308
340,14.197688,341,14.187500,14.235562
341,14.239019,342,14.218750,14.262430
342,14.280853,343,14.265625,14.323835
343,14.322688,344,14.312500,14.349307
344,14.363515,345,14.343750,14.393043
345,14.405349,346,14.406250,14.450489
346,14.446680,347,14.437500,14.475257
347,14.488515,348,14.484375,14.533201
348,14.530349,349,14.531250,14.558338
349,14.571680,350,14.562500,14.603922
350,14.613515,351,14.609375,14.648454
351,14.654845,352,14.640625,14.674666
352,14.696680,353,14.687500,14.734939
353,14.738515,354,14.734375,14.759716
354,14.779845,355,14.765625,14.817226
355,14.821680,356,14.812500,14.861114
356,14.863011,357,14.843750,14.885721
357,14.904845,358,14.890625,14.944864
358,14.946680,359,14.937500,14.971212
359,14.988011,360,14.968750,15.014879
360,15.029845,361,15.031250,15.073155
361,15.070672,362,15.062500,15.098074
362,15.112507,363,15.109375,15.157348
363,15.154341,364,15.156250,15.182815
364,15.195672,365,15.187500,15.227551
365,15.237507,366,15.234375,15.286539
366,15.278837,367,15.265625,15.312556
367,15.320672,368,15.312500,15.356541
368,15.362507,369,15.359375,15.382281
369,15.403837,370,15.390625,15.440833
370,15.445672,371,15.437500,15.482820
371,15.487003,372,15.468750,15.511523
372,15.528837,373,15.515625,15.572774
373,15.570672,374,15.562500,15.599670
374,15.612003,375,15.593750,15.644452
375,15.653837,376,15.640625,15.689498
376,15.694664,377,15.671875,15.715920
377,15.736499,378,15.734375,15.777323
378,15.778333,379,15.781250,15.802460
379,15.819664,380,15.812500,15.845868
380,15.861499,381,15.859375,15.904267
381,15.902829,382,15.890625,15.928722
382,15.944664,383,15.937500,15.985767
383,15.986499,384,15.984375,16.012284
384,16.027829,385,16.015625,16.074699
385,16.069664,386,16.062500,16.101050
386,16.110995,387,16.093750,16.129330
387,16.152829,388,16.140625,16.193419
388,16.194664,389,16.187500,16.217058
389,16.235995,390,16.218750,16.258289
390,16.277829,391,16.265625,16.315604
391,16.319160,392,16.296875,16.342396
392,16.360995,393,16.359375,16.406188
393,16.402829,394,16.406250,16.432100
394,16.444160,395,16.437500,16.476724
395,16.485995,396,16.484375,16.523959
396,16.527325,397,16.515625,16.549717
397,16.569160,398,16.562500,16.610434
398,16.610995,399,16.609375,16.635661
399,16.652325,400,16.640625,16.677902
400,16.694160,401,16.687500,16.736062
401,16.735490,402,16.718750,16.761681
402,16.777325,403,16.765625,16.820292
403,16.819160,404,16.812500,16.847529
404,16.860490,405,16.843750,16.892218
405,16.902325,406,16.890625,16.932242
406,16.943656,407,16.921875,16.958239
407,16.985490,408,16.968750,17.017969
408,17.026821,409,17.031250,17.042786
409,17.067648,410,17.062500,17.100234
410,17.109482,411,17.109375,17.142472
411,17.150813,412,17.140625,17.168563
412,17.192648,413,17.187500,17.231326
413,17.234482,414,17.234375,17.257762
414,17.275813,415,17.265625,17.299239
415,17.317648,416,17.312500,17.354230
416,17.358978,417,17.343750,17.379947
417,17.400813,418,17.390625,17.439556
418,17.442648,419,17.437500,17.463567
419,17.483978,420,17.468750,17.521949
420,17.525813,421,17.515625,17.566274
421,17.567144,422,17.546875,17.592555
422,17.608978,423,17.593750,17.654268
423,17.650813,424,17.640625,17.681130
424,17.691640,425,17.671875,17.726279
425,17.732970,426,17.734375,17.768808
426,17.774301,427,17.765625,17.794307
427,17.816136,428,17.812500,17.855106
428,17.857970,429,17.859375,17.896622
429,17.899301,430,17.890625,17.921571
430,17.941136,431,17.937500,17.982782
431,17.982466,432,17.968750,18.006891
432,18.024301,433,18.015625,18.050528
433,18.066136,434,18.062500,18.107914
434,18.107466,435,18.093750,18.134713
435,18.149301,436,18.140625,18.179532
436,18.190632,437,18.171875,18.207443
437,18.232466,438,18.218750,18.267076
438,18.274301,439,18.265625,18.309613
439,18.315632,440,18.296875,18.334605
440,18.357466,441,18.343750,18.395485
441,18.398293,442,18.390625,18.420822
442,18.440128,443,18.437500,18.465424
443,18.481962,444,18.484375,18.522394
444,18.523293,445,18.515625,18.547690
445,18.565128,446,18.562500,18.604388
446,18.606458,447,18.593750,18.628241
447,18.648293,448,18.640625,18.685076
448,18.690128,449,18.687500,18.728397
449,18.731458,450,18.718750,18.753192
450,18.773293,451,18.765625,18.812244
451,18.814624,452,18.796875,18.837345
452,18.856458,453,18.843750,18.881458
453,18.898293,454,18.890625,18.938621
454,18.939624,455,18.921875,18.964791
455,18.981458,456,18.968750,19.020910
456,19.022789,457,19.000000,19.047031
457,19.064120,458,19.062500,19.105118
458,19.105954,459,19.109375,19.145997
459,19.147285,460,19.140625,19.172359
460,19.189120,461,19.187500,19.232132
461,19.230450,462,19.218750,19.257343
462,19.272285,463,19.265625,19.301632
463,19.314120,464,19.312500,19.343862
464,19.355450,465,19.343750,19.388619
465,19.397285,466,19.390625,19.430263
466,19.439120,467,19.421875,19.458165
467,19.480954,468,19.468750,19.517279
468,19.522789,469,19.515625,19.559358
469,19.564120,470,19.546875,19.586938
470,19.605954,471,19.593750,19.647217
471,19.647789,472,19.625000,19.672093
472,19.689624,473,19.671875,19.716039
473,19.731458,474,19.734375,19.775485
474,19.772789,475,19.765625,19.800408
475,19.814624,476,19.812500,19.846078
476,19.856458,477,19.843750,19.873059
477,19.898293,478,19.890625,19.938396
478,19.940128,479,19.937500,19.981854
479,19.981458,480,19.968750,20.006682
480,20.023293,481,20.015625,20.052746
481,20.065128,482,20.062500,20.079557
482,20.106962,483,20.093750,20.145678
483,20.148797,484,20.140625,20.189962
484,20.190128,485,20.171875,20.216062
485,20.231962,486,20.218750,20.279750
486,20.273797,487,20.265625,20.305230
487,20.315632,488,20.296875,20.348103
488,20.357466,489,20.359375,20.395113
489,20.398293,490,20.390625,20.421991
490,20.440128,491,20.437500,20.483460
491,20.481962,492,20.484375,20.509189
492,20.523797,493,20.515625,20.552291
493,20.565632,494,20.562500,20.593206
494,20.606962,495,20.593750,20.634144
495,20.648797,496,20.640625,20.676103
496,20.690632,497,20.687500,20.705110
497,20.731962,498,20.718750,20.761422
498,20.773797,499,20.765625,20.817012
499,20.815128,500,20.796875,20.840935
500,20.856962,501,20.843750,20.883319
501,20.898797,502,20.890625,20.925752
502,20.940128,503,20.921875,20.966985
503,20.981962,504,20.968750,21.009687
504,21.022789,505,21.000000,21.051615
505,21.064120,506,21.062500,21.095725
506,21.105954,507,21.109375,21.121742
507,21.147285,508,21.140625,21.179904
508,21.189120,509,21.187500,21.223498
509,21.230450,510,21.218750,21.248408
510,21.272285,511,21.265625,21.307984
511,21.314120,512,21.312500,21.332811
512,21.355450,513,21.343750,21.390787
513,21.397285,514,21.390625,21.432275
514,21.438615,515,21.421875,21.457899
515,21.480450,516,21.468750,21.518533
516,21.522285,517,21.515625,21.543003
517,21.563615,518,21.546875,21.598955
518,21.605450,519,21.593750,21.639629
519,21.646781,520,21.625000,21.665052
520,21.688615,521,21.671875,21.722259
521,21.730450,522,21.734375,21.746535
522,21.771781,523,21.765625,21.802164
523,21.813615,524,21.812500,21.845236
524,21.854946,525,21.843750,21.870150
525,21.896781,526,21.890625,21.933742
526,21.938615,527,21.937500,21.959134
527,21.979946,528,21.968750,22.018271
528,22.021781,529,22.015625,22.060001
529,22.063111,530,22.046875,22.085537
530,22.104946,531,22.093750,22.146543
531,22.146781,532,22.140625,22.172226
532,22.188111,533,22.171875,22.217190
533,22.229946,534,22.218750,22.261859
534,22.271277,535,22.250000,22.288421
535,22.313111,536,22.296875,22.348155
536,22.354946,537,22.359375,22.373650
537,22.395773,538,22.390625,22.416929
538,22.437607,539,22.437500,22.478275
539,22.478938,540,22.468750,22.504037
540,22.520773,541,22.515625,22.549013
541,22.562607,542,22.562500,22.577060
542,22.603938,543,22.593750,22.638438
543,22.645773,544,22.640625,22.681440
544,22.687103,545,22.671875,22.706239
545,22.728938,546,22.718750,22.766836
546,22.770773,547,22.765625,22.791953
547,22.812103,548,22.796875,22.836597
548,22.853938,549,22.843750,22.894551
549,22.895269,550,22.875000,22.918503
550,22.937103,551,22.921875,22.958128
551,22.978938,552,22.968750,22.998393
552,23.019765,553,23.000000,23.055357
553,23.061095,554,23.062500,23.097477
554,23.102426,555,23.093750,23.121303
555,23.144261,556,23.140625,23.179638
556,23.186095,557,23.187500,23.204989
557,23.227426,558,23.218750,23.263049
558,23.269261,559,23.265625,23.303146
559,23.310591,560,23.296875,23.328760
560,23.352426,561,23.343750,23.392242
561,23.394261,562,23.390625,23.417312
562,23.435591,563,23.421875,23.461133
563,23.477426,564,23.468750,23.520115
564,23.518757,565,23.500000,23.544419
565,23.560591,566,23.546875,23.601901
566,23.602426,567,23.593750,23.627376
567,23.643757,568,23.625000,23.686759
568,23.685591,569,23.671875,23.712530
569,23.726418,570,23.718750,23.757690
570,23.768253,571,23.765625,23.801795
571,23.809583,572,23.812500,23.827818
572,23.850410,573,23.843750,23.893616
573,23.891236,574,23.890625,23.919369
574,23.937489,575,23.921875,23.965878
575,23.978964,576,23.968750,24.011333
576,24.022163,577,24.015625,24.036543
577,24.063523,578,24.046875,24.095643
578,24.104998,579,24.093750,24.136866
579,24.144635,580,24.125000,24.162495
580,24.184387,581,24.171875,24.221004
581,24.225862,582,24.218750,24.267647
582,24.265499,583,24.250000,24.294796
583,24.305251,584,24.296875,24.354835
584,24.343164,585,24.328125,24.381052
585,24.399231,586,24.390625,24.423889
586,24.432319,587,24.421875,24.450342
587,24.465752,588,24.453125,24.499596
588,24.497921,589,24.484375,24.528023
589,24.529171,590,24.515625,24.557851
590,24.561455,591,24.546875,24.587675
591,24.594773,592,24.593750,24.618764
592,24.625219,593,24.625000,24.648433
593,24.656354,594,24.656250,24.680657
594,24.688178,595,24.687500,24.744329
595,24.720692,596,24.718750,24.769616
596,24.757668,597,24.750000,24.795713
597,24.791942,598,24.781250,24.822684
598,24.826216,599,24.812500,24.852651
599,24.859986,600,24.843750,24.885267
600,24.888661,601,24.875000,24.919460
601,24.920026,602,24.906250,24.953054
602,24.960793,603,24.937500,24.985551
603,24.994059,604,24.984375,25.020775
604,25.035834,605,25.031250,25.051864
605,25.067199,606,25.062500,25.084580
606,25.098909,607,25.093750,25.132190
607,25.130963,608,25.125000,25.160153
608,25.163362,609,25.156250,25.187171
609,25.192648,610,25.187500,25.235090
610,25.225914,611,25.218750,25.260874
611,25.259180,612,25.250000,25.291226
612,25.292446,613,25.281250,25.321963
613,25.326216,614,25.312500,25.356836
614,25.359986,615,25.343750,25.388130
615,25.393757,616,25.390625,25.423034
616,25.427527,617,25.421875,25.455384
617,25.461297,618,25.453125,25.488440
618,25.495067,619,25.484375,25.537197
619,25.528333,620,25.515625,25.565909
620,25.561095,621,25.546875,25.593798
621,25.593857,622,25.578125,25.621628
622,25.626620,623,25.609375,25.653645
623,25.659382,624,25.640625,25.686660
624,25.692144,625,25.687500,25.723801
625,25.725410,626,25.718750,25.758868
626,25.758676,627,25.750000,25.791969
627,25.791942,628,25.781250,25.825126
628,25.825208,629,25.828125,25.859564
629,25.858978,630,25.859375,25.890577
630,25.892749,631,25.890625,25.937844
631,25.926015,632,25.921875,25.965433
632,25.959281,633,25.953125,25.995286
633,25.992547,634,25.984375,26.027895
634,26.025813,635,26.015625,26.057036
635,26.059079,636,26.046875,26.088084
636,26.092345,637,26.078125,26.118688
637,26.126115,638,26.109375,26.149737
638,26.159886,639,26.140625,26.184556
639,26.193656,640,26.171875,26.215803
640,26.226922,641,26.218750,26.248820
641,26.260188,642,26.250000,26.282400
642,26.293454,643,26.281250,26.347355
643,26.326720,644,26.312500,26.373080
644,26.359482,645,26.359375,26.399446
645,26.392245,646,26.390625,26.429619
646,26.425007,647,26.421875,26.464880
647,26.457769,648,26.453125,26.497702
648,26.490531,649,26.484375,26.532595
649,26.524301,650,26.515625,26.564656
650,26.562719,651,26.546875,26.597483
651,26.591841,652,26.578125,26.633155
652,26.625611,653,26.625000,26.665420
653,26.659382,654,26.656250,26.698323
654,26.693152,655,26.687500,26.730508
655,26.728849,656,26.718750,26.765106
656,26.761708,657,26.750000,26.796668
657,26.793877,658,26.781250,26.826738
658,26.825356,659,26.812500,26.857014
659,26.856147,660,26.843750,26.886550
660,26.888201,661,26.875000,26.917099
661,26.919911,662,26.906250,26.947477
662,26.951276,663,26.937500,26.996823
663,26.982296,664,26.968750,27.026607
664,27.036064,665,27.031250,27.056413
665,27.067084,666,27.062500,27.087383
666,27.098449,667,27.093750,27.119864
667,27.130159,668,27.125000,27.166580
668,27.162213,669,27.156250,27.193358
669,27.193004,670,27.187500,27.221955
670,27.224483,671,27.218750,27.253090
671,27.256652,672,27.250000,27.287985
672,27.289511,673,27.281250,27.318539
673,27.325208,674,27.312500,27.351993
674,27.358978,675,27.343750,27.383105
675,27.392749,676,27.375000,27.415760
676,27.426519,677,27.421875,27.445895
677,27.455641,678,27.453125,27.477210
678,27.494059,679,27.484375,27.509202
679,27.527829,680,27.515625,27.573081
680,27.560591,681,27.546875,27.598289
681,27.593353,682,27.578125,27.624361
682,27.626115,683,27.609375,27.651153
683,27.658878,684,27.640625,27.682216
684,27.691640,685,27.687500,27.729237
685,27.724402,686,27.718750,27.759525
686,27.757668,687,27.750000,27.788304
687,27.790934,688,27.781250,27.817987
688,27.824200,689,27.828125,27.848712
689,27.857970,690,27.859375,27.882918
690,27.891740,691,27.890625,27.914502
691,27.925511,692,27.921875,27.982181
692,27.958777,693,27.953125,28.008854
693,27.992043,694,27.984375,28.033315
694,28.025309,695,28.015625,28.060611
695,28.058575,696,28.046875,28.092111
696,28.091841,697,28.078125,28.122379
697,28.125107,698,28.109375,28.152644
698,28.158878,699,28.140625,28.181412
699,28.192648,700,28.171875,28.211391
700,28.225914,701,28.203125,28.241009
701,28.259180,702,28.250000,28.289485
702,28.292446,703,28.281250,28.318266
703,28.325712,704,28.312500,28.365726
704,28.358474,705,28.359375,28.392125
705,28.391236,706,28.390625,28.421477
706,28.423999,707,28.421875,28.452129
707,28.456761,708,28.453125,28.483789
708,28.489523,709,28.484375,28.528496
709,28.522789,710,28.515625,28.553616
710,28.556559,711,28.546875,28.582480
711,28.590329,712,28.578125,28.614439
712,28.624099,713,28.609375,28.647710
713,28.657870,714,28.656250,28.681629
714,28.691640,715,28.687500,28.712698
715,28.725410,716,28.718750,28.777837
716,28.759180,717,28.750000,28.804035
717,28.792446,718,28.781250,28.833982
718,28.825712,719,28.812500,28.863596
719,28.854998,720,28.843750,28.894820
720,28.887397,721,28.875000,28.927117
721,28.919451,722,28.906250,28.960733
722,28.951161,723,28.937500,28.992788
723,28.982526,724,28.968750,29.027868
724,29.024301,725,29.015625,29.059805
725,29.057567,726,29.062500,29.094574
726,29.098334,727,29.093750,29.130234
727,29.129699,728,29.125000,29.164497
728,29.161409,729,29.156250,29.198210
729,29.190632,730,29.187500,29.231662
730,29.223898,731,29.218750,29.268116
731,29.254814,732,29.250000,29.302099
732,29.287328,733,29.281250,29.331540
733,29.320531,734,29.312500,29.361626
734,29.357466,735,29.343750,29.393349
735,29.391236,736,29.375000,29.426317
736,29.425007,737,29.406250,29.458626
737,29.458777,738,29.453125,29.488916
738,29.492547,739,29.484375,29.518979
739,29.526317,740,29.515625,29.549093
740,29.559583,741,29.546875,29.596693
741,29.592345,742,29.578125,29.625036
742,29.625107,743,29.609375,29.654115
743,29.657870,744,29.640625,29.683340
744,29.690632,745,29.687500,29.715310
745,29.723394,746,29.718750,29.764237
746,29.756156,747,29.750000,29.793707
747,29.789422,748,29.781250,29.823901
748,29.822688,749,29.812500,29.854197
749,29.856458,750,29.859375,29.885879
750,29.890228,751,29.890625,29.917920
751,29.923999,752,29.921875,29.951122
752,29.957769,753,29.953125,30.000543
753,29.991035,754,29.984375,30.028719
754,30.024301,755,30.015625,30.055619
755,30.057567,756,30.046875,30.084616
756,30.090833,757,30.078125,30.116337
757,30.124099,758,30.109375,30.148253
758,30.157365,759,30.140625,30.179695
759,30.191136,760,30.171875,30.209406
760,30.224402,761,30.203125,30.256543
761,30.257668,762,30.234375,30.285276
762,30.290934,763,30.281250,30.315659
763,30.324200,764,30.312500,30.346987
764,30.364074,765,30.359375,30.413069
765,30.395784,766,30.390625,30.440156
766,30.427838,767,30.421875,30.466822
767,30.460237,768,30.453125,30.493639
768,30.492981,769,30.484375,30.523320
769,30.521781,770,30.515625,30.554120
770,30.555047,771,30.546875,30.584630
771,30.588817,772,30.578125,30.614944
772,30.622587,773,30.609375,30.646203
773,30.656357,774,30.640625,30.677526
774,30.690128,775,30.687500,30.711278
775,30.723898,776,30.718750,30.741289
776,30.757668,777,30.750000,30.803822
777,30.791438,778,30.781250,30.828389
778,30.824704,779,30.812500,30.857883
779,30.853504,780,30.843750,30.888354
780,30.886248,781,30.875000,30.919433
781,30.918647,782,30.906250,30.950637
782,30.950701,783,30.937500,30.981779
783,30.982411,784,30.968750,31.012606
784,31.022789,785,31.015625,31.044904
785,31.056055,786,31.046875,31.078949
786,31.089321,787,31.093750,31.111830
787,31.122587,788,31.125000,31.148556
788,31.160949,789,31.156250,31.196346
789,31.189624,790,31.187500,31.223658
790,31.222890,791,31.218750,31.253034
791,31.256156,792,31.250000,31.288386
792,31.289422,793,31.281250,31.322247
793,31.322688,794,31.312500,31.353706
794,31.355954,795,31.343750,31.384050
795,31.389724,796,31.375000,31.418563
796,31.423495,797,31.406250,31.450013
797,31.457265,798,31.437500,31.482310
798,31.491035,799,31.484375,31.515764
799,31.524805,800,31.515625,31.547563
800,31.558071,801,31.546875,31.579458
801,31.591337,802,31.578125,31.645213
802,31.624099,803,31.609375,31.670794
803,31.656861,804,31.640625,31.701054
804,31.689624,805,31.687500,31.730678
805,31.722386,806,31.718750,31.761262
806,31.755148,807,31.750000,31.788676
807,31.788414,808,31.781250,31.819551
808,31.821680,809,31.812500,31.851188
809,31.855450,810,31.843750,31.881750
810,31.889220,811,31.890625,31.911056
811,31.922990,812,31.921875,31.942013
812,31.956761,813,31.953125,31.973725
813,31.990531,814,31.984375,32.039186
814,32.023797,815,32.015625,32.064747
815,32.057063,816,32.046875,32.094136
816,32.090329,817,32.078125,32.127221
817,32.123595,818,32.109375,32.161810
818,32.156861,819,32.140625,32.194270
819,32.190128,820,32.171875,32.226879
820,32.223394,821,32.203125,32.256086
821,32.256660,822,32.234375,32.287809
822,32.289926,823,32.281250,32.319859
823,32.323192,824,32.312500,32.351797
824,32.356458,825,32.359375,32.383342
825,32.395324,826,32.390625,32.431412
826,32.427034,827,32.421875,32.462451
827,32.459088,828,32.453125,32.492177
828,32.491487,829,32.484375,32.521076
829,32.521277,830,32.515625,32.554059
830,32.554543,831,32.546875,32.586274
831,32.587809,832,32.578125,32.618747
832,32.621579,833,32.609375,32.650753
833,32.655349,834,32.640625,32.682200
834,32.689120,835,32.671875,32.712959
835,32.722890,836,32.718750,32.742302
836,32.756660,837,32.750000,32.773633
837,32.790430,838,32.781250,32.837174
838,32.823696,839,32.812500,32.861979
839,32.856962,840,32.843750,32.888978
840,32.889724,841,32.875000,32.918392
841,32.922486,842,32.906250,32.949989
842,32.955249,843,32.937500,32.986104
843,32.988011,844,32.968750,33.019378
844,33.021277,845,33.015625,33.050031
845,33.054543,846,33.046875,33.082215
846,33.087809,847,33.078125,33.112617
847,33.121075,848,33.125000,33.142588
848,33.154341,849,33.156250,33.174685
849,33.188111,850,33.187500,33.238928
850,33.221882,851,33.218750,33.263624
851,33.255148,852,33.250000,33.290541
852,33.288414,853,33.281250,33.318517
853,33.321680,854,33.312500,33.350072
854,33.354946,855,33.343750,33.381874
855,33.388212,856,33.375000,33.417856
856,33.421982,857,33.406250,33.448866
857,33.455753,858,33.437500,33.478028
858,33.489523,859,33.468750,33.506952
859,33.523293,860,33.515625,33.553426
860,33.556559,861,33.546875,33.581750
861,33.589825,862,33.578125,33.632657
862,33.623091,863,33.609375,33.659473
863,33.655853,864,33.640625,33.692039
864,33.688615,865,33.687500,33.724030
865,33.721378,866,33.718750,33.754453
866,33.754140,867,33.750000,33.785192
867,33.786902,868,33.781250,33.817014
868,33.820168,869,33.812500,33.846830
869,33.853938,870,33.843750,33.877629
870,33.887708,871,33.875000,33.909015
871,33.921478,872,33.921875,33.941686
872,33.955249,873,33.953125,33.974013
873,33.989019,874,33.984375,34.005597
874,34.025954,875,34.015625,34.053929
875,34.059157,876,34.046875,34.081653
876,34.091671,877,34.078125,34.127605
877,34.122587,878,34.109375,34.152993
878,34.155853,879,34.140625,34.182245
879,34.185076,880,34.171875,34.214619
880,34.216786,881,34.203125,34.249292
881,34.248151,882,34.234375,34.288117
882,34.288918,883,34.265625,34.322294
883,34.322184,884,34.312500,34.356825
884,34.363959,885,34.359375,34.391493
885,34.395324,886,34.390625,34.426538
886,34.427034,887,34.421875,34.458090
887,34.459088,888,34.453125,34.491810
888,34.491487,889,34.484375,34.524546
889,34.520773,890,34.515625,34.559766
890,34.554039,891,34.546875,34.591694
891,34.587305,892,34.578125,34.626753
892,34.620571,893,34.609375,34.658068
893,34.654341,894,34.640625,34.694540
894,34.688111,895,34.671875,34.728325
895,34.721882,896,34.718750,34.763084
896,34.755652,897,34.750000,34.797216
897,34.789422,898,34.781250,34.827418
898,34.823192,899,34.812500,34.855841
899,34.856458,900,34.843750,34.886672
900,34.889220,901,34.875000,34.918110
901,34.921982,902,34.906250,34.952383
902,34.954745,903,34.937500,34.987433
903,34.987507,904,34.968750,35.019575
904,35.020269,905,35.015625,35.049609
905,35.053535,906,35.046875,35.080611
906,35.086801,907,35.078125,35.115238
907,35.120067,908,35.109375,35.147060
908,35.153333,909,35.156250,35.179959
909,35.187103,910,35.187500,35.214010
910,35.220874,911,35.218750,35.262783
911,35.254140,912,35.250000,35.290861
912,35.287406,913,35.281250,35.319360
913,35.320672,914,35.312500,35.346652
914,35.353938,915,35.343750,35.382982
915,35.387204,916,35.375000,35.413152
916,35.420470,917,35.406250,35.446404
917,35.454240,918,35.437500,35.477617
918,35.488011,919,35.468750,35.510019
919,35.521781,920,35.500000,35.546903
920,35.555047,921,35.546875,35.580650
921,35.588313,922,35.578125,35.614463
922,35.621579,923,35.609375,35.661782
923,35.654845,924,35.640625,35.689468
924,35.687607,925,35.687500,35.720075
925,35.720370,926,35.718750,35.750326
926,35.753132,927,35.750000,35.781889
927,35.785894,928,35.781250,35.814274
928,35.818656,929,35.812500,35.845649
929,35.852426,930,35.843750,35.876229
930,35.890844,931,35.875000,35.911872
931,35.919966,932,35.906250,35.944645
932,35.953736,933,35.953125,35.977668
933,35.987507,934,35.984375,36.009951
934,36.021277,935,36.015625,36.076885
935,36.056974,936,36.046875,36.102504
936,36.089833,937,36.078125,36.130122
937,36.122002,938,36.109375,36.160018
938,36.153481,939,36.140625,36.191134
939,36.184272,940,36.171875,36.222595
940,36.216326,941,36.203125,36.253488
941,36.248036,942,36.234375,36.286037
942,36.279401,943,36.265625,36.317134
943,36.310421,944,36.296875,36.345775
944,36.364189,945,36.359375,36.377671
945,36.395209,946,36.390625,36.408793
946,36.426574,947,36.421875,36.441419
947,36.458284,948,36.453125,36.504826
948,36.490338,949,36.484375,36.530353
949,36.521129,950,36.515625,36.558715
950,36.552608,951,36.546875,36.590468
951,36.584777,952,36.578125,36.624457
952,36.617636,953,36.609375,36.656008
953,36.653333,954,36.640625,36.690163
954,36.687103,955,36.671875,36.721739
955,36.720874,956,36.703125,36.755930
956,36.754644,957,36.750000,36.787450
957,36.783766,958,36.781250,36.821161
958,36.822184,959,36.812500,36.849955
959,36.855954,960,36.843750,36.897379
960,36.888716,961,36.875000,36.926115
961,36.921478,962,36.906250,36.956473
962,36.954240,963,36.937500,36.987136
963,36.987003,964,36.968750,37.018569
964,37.019765,965,37.015625,37.051236
965,37.052527,966,37.046875,37.081585
966,37.085793,967,37.078125,37.110887
967,37.119059,968,37.109375,37.142244
968,37.152325,969,37.156250,37.172928
969,37.186095,970,37.187500,37.205467
970,37.219865,971,37.218750,37.238199
971,37.253636,972,37.250000,37.285110
972,37.286902,973,37.281250,37.313911
973,37.320168,974,37.312500,37.359510
974,37.353434,975,37.343750,37.385264
975,37.386700,976,37.375000,37.413743
976,37.419966,977,37.406250,37.443938
977,37.453232,978,37.437500,37.491906
978,37.487003,979,37.468750,37.519337
979,37.520773,980,37.500000,37.548634
980,37.554039,981,37.531250,37.579511
981,37.587305,982,37.578125,37.608652
982,37.620571,983,37.609375,37.640068
983,37.653837,984,37.640625,37.690042
984,37.686599,985,37.687500,37.715650
985,37.719361,986,37.718750,37.761335
986,37.752124,987,37.750000,37.786721
987,37.784886,988,37.781250,37.815884
988,37.817648,989,37.812500,37.845386
989,37.850914,990,37.843750,37.876376
990,37.884684,991,37.875000,37.911574
991,37.918454,992,37.906250,37.945791
992,37.952224,993,37.937500,37.977954
993,37.985995,994,37.984375,38.009203
994,38.019765,995,38.015625,38.039053
995,38.053535,996,38.046875,38.088143
996,38.087305,997,38.078125,38.115947
997,38.120571,998,38.109375,38.148417
998,38.153837,999,38.140625,38.180839
999,38.183123,1000,38.171875,38.216218
1000,38.215522,1001,38.203125,38.249192
1001,38.247576,1002,38.234375,38.280335
1002,38.279286,1003,38.265625,38.312578
1003,38.310651,1004,38.296875,38.345980
1004,38.352426,1005,38.343750,38.376863
1005,38.385692,1006,38.390625,38.406843
1006,38.426459,1007,38.421875,38.441186
1007,38.457824,1008,38.453125,38.471938
1008,38.489534,1009,38.484375,38.524522
1009,38.518757,1010,38.515625,38.555491
1010,38.552023,1011,38.546875,38.585717
1011,38.582939,1012,38.578125,38.618288
1012,38.615453,1013,38.609375,38.652095
1013,38.648656,1014,38.640625,38.684112
1014,38.685591,1015,38.671875,38.718744
1015,38.719361,1016,38.703125,38.749304
1016,38.753132,1017,38.734375,38.780611
1017,38.786902,1018,38.781250,38.809874
1018,38.820672,1019,38.812500,38.844640
1019,38.854442,1020,38.843750,38.875091
1020,38.887708,1021,38.875000,38.940773
1021,38.920470,1022,38.906250,38.966297
1022,38.953232,1023,38.937500,38.994852
1023,38.985995,1024,38.968750,39.024986
1024,39.018757,1025,39.015625,39.057413
1025,39.051519,1026,39.046875,39.090944
1026,39.084281,1027,39.078125,39.122165
1027,39.117547,1028,39.109375,39.153501
1028,39.150813,1029,39.140625,39.184389
1029,39.184583,1030,39.187500,39.216589
1030,39.218353,1031,39.218750,39.250283
1031,39.252124,1032,39.250000,39.290087
1032,39.285894,1033,39.281250,39.323317
1033,39.319160,1034,39.312500,39.356488
1034,39.352426,1035,39.343750,39.386378
1035,39.385692,1036,39.375000,39.416641
1036,39.418958,1037,39.406250,39.449387
1037,39.452224,1038,39.437500,39.477519
1038,39.485490,1039,39.468750,39.502114
1039,39.519261,1040,39.500000,39.548913
1040,39.552527,1041,39.531250,39.576680
1041,39.585793,1042,39.562500,39.607481
1042,39.619059,1043,39.609375,39.639360
1043,39.652325,1044,39.640625,39.670819
1044,39.692199,1045,39.687500,39.722530
1045,39.723909,1046,39.718750,39.749528
1046,39.755963,1047,39.750000,39.778611
1047,39.788362,1048,39.781250,39.810791
1048,39.821106,1049,39.812500,39.858395
1049,39.849906,1050,39.843750,39.888148
1050,39.883172,1051,39.875000,39.917735
1051,39.916942,1052,39.906250,39.948497
1052,39.950712,1053,39.937500,39.981588
1053,39.984482,1054,39.968750,40.012498
1054,40.018253,1055,40.015625,40.046174
1055,40.052023,1056,40.046875,40.077262
1056,40.085793,1057,40.078125,40.125669
1057,40.119563,1058,40.109375,40.155389
1058,40.152829,1059,40.140625,40.185447
1059,40.181629,1060,40.171875,40.216228
1060,40.214373,1061,40.203125,40.248313
1061,40.246772,1062,40.234375,40.279244
1062,40.278826,1063,40.265625,40.311081
1063,40.310536,1064,40.296875,40.343095
1064,40.350914,1065,40.343750,40.374864
1065,40.384180,1066,40.375000,40.408589
1066,40.417446,1067,40.421875,40.437855
1067,40.450712,1068,40.453125,40.467632
1068,40.489074,1069,40.484375,40.530373
1069,40.517749,1070,40.515625,40.554594
1070,40.551015,1071,40.546875,40.582273
1071,40.584281,1072,40.578125,40.612625
1072,40.617547,1073,40.609375,40.645131
1073,40.650813,1074,40.640625,40.679496
1074,40.684079,1075,40.671875,40.712460
1075,40.717849,1076,40.703125,40.745174
1076,40.751620,1077,40.734375,40.777564
1077,40.785390,1078,40.765625,40.809944
1078,40.819160,1079,40.812500,40.837666
1079,40.852930,1080,40.843750,40.868689
1080,40.886196,1081,40.875000,40.901412
1081,40.919462,1082,40.906250,40.964461
1082,40.952224,1083,40.937500,40.990376
1083,40.984986,1084,40.968750,41.016875
1084,41.017749,1085,41.015625,41.045321
1085,41.050511,1086,41.046875,41.080657
1086,41.083273,1087,41.078125,41.116433
1087,41.116539,1088,41.109375,41.151207
1088,41.149805,1089,41.140625,41.185018
1089,41.183575,1090,41.171875,41.215948
1090,41.217345,1091,41.218750,41.248026
1091,41.251115,1092,41.250000,41.282149
1092,41.284886,1093,41.281250,41.315752
1093,41.318656,1094,41.312500,41.350158
1094,41.351922,1095,41.343750,41.378497
1095,41.385188,1096,41.375000,41.426733
1096,41.418454,1097,41.406250,41.456205
1097,41.451720,1098,41.437500,41.487813
1098,41.484986,1099,41.468750,41.517542
1099,41.518253,1100,41.500000,41.552304
1100,41.551519,1101,41.531250,41.579685
1101,41.584785,1102,41.562500,41.610907
1102,41.618051,1103,41.609375,41.639886
1103,41.651317,1104,41.640625,41.671092
1104,41.684583,1105,41.687500,41.706130
1105,41.723449,1106,41.718750,41.756589
1106,41.755159,1107,41.750000,41.783335
1107,41.787213,1108,41.781250,41.814434
1108,41.819612,1109,41.812500,41.846554
1109,41.849402,1110,41.843750,41.882002
1110,41.882668,1111,41.875000,41.917445
1111,41.915934,1112,41.906250,41.952720
1112,41.949704,1113,41.937500,41.984880
1113,41.983474,1114,41.968750,42.017500
1114,42.017245,1115,42.000000,42.050712
1115,42.051015,1116,42.046875,42.083998
1116,42.084785,1117,42.078125,42.116593
1117,42.118555,1118,42.109375,42.153091
1118,42.151821,1119,42.140625,42.184805
1119,42.185087,1120,42.171875,42.215485
1120,42.217849,1121,42.203125,42.245961
1121,42.250611,1122,42.234375,42.276736
1122,42.283374,1123,42.265625,42.325842
1123,42.316136,1124,42.296875,42.354608
1124,42.349402,1125,42.343750,42.388309
1125,42.382668,1126,42.375000,42.422305
1126,42.415934,1127,42.406250,42.455216
1127,42.449200,1128,42.453125,42.486474
1128,42.482466,1129,42.484375,42.519205
1129,42.516236,1130,42.515625,42.550632
1130,42.550007,1131,42.546875,42.583267
1131,42.583273,1132,42.578125,42.615935
1132,42.616539,1133,42.609375,42.646767
1133,42.649805,1134,42.640625,42.681543
1134,42.683071,1135,42.671875,42.712410
1135,42.716337,1136,42.703125,42.744352
1136,42.750107,1137,42.734375,42.777477
1137,42.783878,1138,42.765625,42.811197
1138,42.817648,1139,42.796875,42.844036
1139,42.851418,1140,42.843750,42.876736
1140,42.884684,1141,42.875000,42.910796
1141,42.917950,1142,42.906250,42.963565
1142,42.951216,1143,42.937500,42.992040
1143,42.983978,1144,42.968750,43.021807
1144,43.016740,1145,43.015625,43.051696
1145,43.049503,1146,43.046875,43.085896
1146,43.082265,1147,43.078125,43.118266
1147,43.115027,1148,43.109375,43.149451
1148,43.148293,1149,43.140625,43.183910
1149,43.182063,1150,43.171875,43.214230
1150,43.215833,1151,43.203125,43.247693
1151,43.249603,1152,43.250000,43.281981
1152,43.283374,1153,43.281250,43.314581
1153,43.317144,1154,43.312500,43.349516
1154,43.354079,1155,43.343750,43.385437
1155,43.387282,1156,43.375000,43.419365
1156,43.419796,1157,43.406250,43.452627
1157,43.450712,1158,43.437500,43.483221
1158,43.483978,1159,43.468750,43.516101
1159,43.513201,1160,43.500000,43.555443
1160,43.544911,1161,43.531250,43.588308
1161,43.576276,1162,43.562500,43.621251
1162,43.617333,1163,43.593750,43.652448
1163,43.650596,1164,43.640625,43.686643
1164,43.692149,1165,43.687500,43.719742
1165,43.723700,1166,43.718750,43.756726
1166,43.755574,1167,43.750000,43.791351
1167,43.787305,1168,43.781250,43.829306
1168,43.820023,1169,43.812500,43.863504
1169,43.851257,1170,43.843750,43.894646
1170,43.883280,1171,43.875000,43.928134
1171,43.916047,1172,43.906250,43.962132
1172,43.949584,1173,43.937500,44.000144
1173,43.982989,1174,43.968750,44.037618
1174,44.050579,1176,44.046875,44.072959
1175,44.084367,1177,44.078125,44.109838
1176,44.118158,1178,44.109375,44.144714
1177,44.151960,1179,44.140625,44.202576
1178,44.185234,1180,44.171875,44.233199
1179,44.217964,1181,44.203125,44.267210
1180,44.250692,1182,44.234375,44.312072
1181,44.316160,1184,44.296875,44.350629
1182,44.348908,1185,44.343750,44.386844
1183,44.382163,1186,44.375000,44.417864
1184,44.415426,1187,44.406250,44.449413
1185,44.448705,1188,44.437500,44.482309
1186,44.482006,1189,44.484375,44.513908
1187,44.515797,1190,44.515625,44.545882
1188,44.548978,1191,44.546875,44.596937
1189,44.582015,1192,44.578125,44.625531
1190,44.615137,1193,44.609375,44.654195
1191,44.648336,1194,44.640625,44.684177
1192,44.681596,1195,44.671875,44.715871
1193,44.714888,1196,44.703125,44.746695
1194,44.748166,1197,44.734375,44.778017
1195,44.781351,1198,44.765625,44.808435
1196,44.814472,1199,44.796875,44.839550
1197,44.847316,1200,44.828125,44.874499
1198,44.880268,1201,44.875000,44.908145
1199,44.913127,1202,44.906250,44.939162
1200,44.945772,1203,44.937500,44.986010
1201,44.978007,1204,44.968750,45.015400
1202,45.011478,1205,45.015625,45.045658
